SEZ2011,AGG_COUNT,commercial,effected_by_policy_1,effected_by_policy_2,effected_by_policy_3,A46,A47,PF1,bedrooms,accommodates,E27
"480170060001","3","2","3","3","0","60","276","348","12","22","378"
"480170060004","2","0","2","1","0","44","160","232","4","7","276"
"480170060005","1","0","1","1","0","2","0","3","2","5","14"
"480170060011","4","4","4","3","4","28","76","144","9","24","252"
"480170060014","1","1","1","0","0","6","24","32","1","2","24"
"480170060031","1","0","1","1","0","10","49","67","2","4","97"
"480170060033","1","1","1","1","1","9","79","104","2","4","118"
"480170060037","1","0","1","1","0","9","69","89","1","4","92"
"480170060039","2","1","2","1","0","170","206","404","2","5","408"
"480170060044","2","0","2","2","0","0","0","0","2","7","18"
"480170060049","1","1","1","1","1","1","21","25","2","6","23"
"480170060053","1","0","1","1","0","14","35","54","2","6","53"
"480170060058","2","1","2","2","0","10","82","132","6","10","248"
"480170060059","13","13","13","10","13","39","117","260","18","47","832"
"480170060061","4","3","3","4","3","36","156","244","7","14","332"
"480170060062","2","0","2","1","0","0","2","2","3","6","4"
"480170060068","1","1","1","1","1","27","53","98","5","10","124"
"480170060070","6","6","6","6","6","12","30","48","10","28","48"
"480170060071","4","3","3","4","3","36","368","456","10","29","520"
"480170060073","1","0","1","1","0","1","30","35","4","10","38"
"480170060074","1","1","1","1","1","8","14","24","0","2","24"
"480170060079","3","1","2","3","1","105","288","432","5","12","420"
"480170060082","4","1","3","3","0","32","248","328","6","13","364"
"480170060084","1","1","1","0","0","1","1","4","1","2","4"
"480170060085","5","3","5","5","3","340","605","1195","5","13","1225"
"480170060086","2","1","2","2","0","14","162","202","6","13","192"
"480170060087","1","1","1","1","0","1","7","9","2","4","20"
"480170060093","2","2","2","2","2","74","160","254","2","5","288"
"480170060094","4","2","4","4","1","24","96","172","9","21","256"
"480170060095","3","3","3","1","3","0","24","39","4","12","69"
"480170060096","5","2","5","3","0","20","525","705","6","15","720"
"480170060098","3","3","3","3","3","6","9","27","24","38","39"
"480170060099","7","2","7","5","0","196","1008","1407","9","20","1267"
"480170060100","4","2","3","2","2","44","208","276","6","13","260"
"480170060102","2","0","2","2","0","10","48","72","3","10","84"
"480170060106","8","5","8","7","5","288","1096","1504","9","23","1584"
"480170060110","2","1","2","1","0","14","112","142","3","5","204"
"480170060115","5","3","5","5","1","50","225","335","11","24","345"
"480170060118","1","1","1","1","1","18","85","119","3","7","121"
"480170060122","1","1","1","0","1","0","3","4","1","2","3"
"480170060123","5","4","5","4","2","35","35","120","11","26","290"
"480170060124","3","2","3","3","1","135","663","873","5","12","972"
"480170060126","1","0","1","1","0","5","53","64","2","5","80"
"480170060127","4","1","3","2","1","164","1664","1976","4","12","1940"
"480170060128","1","0","1","1","0","8","6","16","2","4","16"
"480170060132","4","2","3","4","1","8","36","64","7","16","124"
"480170060133","1","1","1","1","0","3","39","43","1","3","48"
"480170060134","2","0","2","2","0","2","28","36","2","6","62"
"480170060137","1","1","1","1","0","0","4","7","1","4","5"
"480170060139","1","0","1","1","0","26","100","140","1","2","132"
"480170060140","11","5","11","8","5","341","1331","1958","13","34","1793"
"480170060142","10","7","10","9","5","70","370","560","13","33","750"
"480170060144","1","1","1","0","1","6","27","38","1","2","46"
"480170060150","2","2","2","1","1","18","150","178","3","8","186"
"480170060151","1","0","1","1","0","2","55","61","1","2","59"
"480170060152","23","13","22","17","11","552","3358","4439","36","91","4324"
"480170060153","3","1","3","3","1","33","57","99","5","10","120"
"480170060154","5","4","5","1","4","60","155","260","5","14","260"
"480170060156","1","0","1","1","0","5","5","13","1","3","17"
"480170060157","2","1","2","1","1","18","88","122","3","6","138"
"480170060161","3","2","3","3","1","54","180","282","5","14","294"
"480170060162","7","5","6","7","4","623","2177","3031","26","46","3115"
"480170060163","4","4","4","4","1","0","72","100","8","17","136"
"480170060164","1","1","1","0","0","11","91","109","1","4","113"
"480170060165","8","7","8","3","7","72","320","528","11","28","696"
"480170060166","1","1","1","0","1","11","58","71","2","2","79"
"480170060168","1","1","1","1","1","0","0","0","5","11","0"
"480170060169","1","1","1","0","1","0","1","2","1","3","2"
"480170060171","12","9","12","12","8","168","576","780","14","43","912"
"480170060172","1","1","1","1","0","6","90","109","1","3","108"
"480170060175","5","1","5","2","1","125","775","995","6","14","1195"
"480170060176","4","0","3","2","0","68","276","396","4","11","308"
"480170060177","1","0","1","0","0","19","44","67","1","2","61"
"480170060178","2","2","2","2","2","20","8","34","3","8","38"
"480170060179","1","1","1","0","0","7","100","115","1","2","121"
"480170060182","12","6","12","10","4","456","1104","1692","16","43","1680"
"480170060183","1","0","1","0","0","2","17","24","1","2","30"
"480170060184","5","3","5","5","2","10","30","45","10","31","75"
"480170060187","1","0","1","1","0","34","123","167","3","5","157"
"480170060189","4","3","4","4","3","128","292","484","6","19","492"
"480170060193","2","1","2","2","1","0","44","46","4","7","62"
"480170060194","2","2","2","1","1","54","166","254","2","5","242"
"480170060198","1","0","1","1","0","2","28","33","4","8","32"
"480170060199","9","7","9","2","6","378","603","1089","11","23","1206"
"480170060200","1","0","1","1","0","1","6","7","1","4","9"
"480170060202","1","1","1","1","1","1","1","5","1","2","24"
"480170060204","19","8","18","17","4","684","2983","4389","30","77","3857"
"480170060206","1","0","1","0","0","24","109","142","1","3","146"
"480170060208","3","1","3","3","1","6","45","60","8","17","138"
"480170060210","3","2","2","3","0","99","381","510","6","16","642"
"480170060212","1","1","1","0","0","28","111","161","1","2","124"
"480170060214","6","3","5","4","1","168","450","714","10","18","780"
"480170060216","2","1","2","0","1","94","244","366","2","5","302"
"480170060217","2","0","2","1","0","50","292","376","2","6","364"
"480170060218","6","6","6","2","5","48","252","444","20","30","456"
"480170060219","1","0","1","1","0","21","134","176","1","2","265"
"480170060221","2","2","2","2","0","20","44","80","5","10","110"
"480170060222","1","1","1","1","0","2","2","4","1","2","13"
"480170060225","4","1","3","2","0","340","332","708","5","11","672"
"480170060227","2","1","2","0","0","6","38","46","2","4","48"
"480170060228","1","0","1","1","0","2","38","44","1","4","43"
"480170060229","1","1","1","1","0","1","4","5","1","2","5"
"480170060230","3","3","3","0","0","36","75","120","3","7","123"
"480170060233","3","1","3","1","0","69","309","429","3","7","342"
"480170060234","8","4","8","6","3","176","1008","1280","9","28","1344"
"480170060236","2","0","1","2","0","36","138","200","3","9","202"
"480170060237","11","4","11","6","4","407","1793","2464","15","31","2794"
"480170060238","1","0","1","1","0","0","0","0","1","4","0"
"480170060239","6","5","6","3","3","18","162","222","8","24","252"
"480170060241","16","12","14","10","11","512","1488","2192","22","56","1984"
"480170060243","1","1","1","1","1","10","153","174","2","4","174"
"480170060244","2","2","2","0","2","22","108","144","2","4","116"
"480170060247","1","1","0","1","1","0","10","11","3","6","11"
"480170060248","3","3","2","3","2","36","108","177","4","10","201"
"480170060251","3","1","3","2","0","42","207","267","6","13","270"
"480170060252","1","0","1","1","0","196","122","335","1","3","323"
"480170060257","2","2","2","0","2","20","232","284","2","4","302"
"480170060258","1","1","1","1","0","3","17","23","1","4","23"
"480170060259","5","5","5","4","4","45","225","320","10","22","400"
"480170060262","3","1","3","2","1","51","198","282","5","9","336"
"480170060263","5","2","5","4","1","95","265","380","10","24","625"
"480170060268","10","8","10","9","4","440","740","1430","15","39","1490"
"480170060269","4","3","4","3","2","60","84","164","7","15","160"
"480170060270","2","2","2","1","0","72","198","292","3","6","278"
"480170060271","4","2","3","2","2","80","252","372","6","14","372"
"480170060272","2","2","2","0","2","46","148","202","2","3","282"
"480170060273","8","6","7","6","5","40","152","208","7","27","248"
"480170060274","2","2","2","1","1","190","98","302","3","5","318"
"480170060277","2","2","2","1","0","36","138","196","3","8","190"
"480170060278","3","1","3","2","1","78","240","363","1","6","339"
"480170060279","6","1","6","4","1","162","204","444","10","21","396"
"480170060280","2","2","2","1","2","58","138","232","2","4","280"
"480170060281","1","1","1","0","0","67","37","109","1","2","138"
"480170060282","10","4","10","6","1","460","1350","2060","15","28","2230"
"480170060283","1","1","0","1","1","2","0","2","1","2","2"
"480170060284","6","2","6","4","2","108","240","384","8","21","672"
"480170060286","1","0","1","1","0","30","169","207","2","6","194"
"480170060287","46","37","43","42","31","736","1380","2300","63","178","3312"
"480170060289","30","18","30","23","14","1140","2880","4710","36","100","5460"
"480170060290","2","0","2","1","0","16","30","54","2","5","50"
"480170060291","19","18","19","14","9","133","342","570","32","83","627"
"480170060292","29","21","29","25","14","1073","1450","2755","41","111","2900"
"480170060293","67","52","61","57","40","1541","5092","7303","104","272","9581"
"480170060294","10","7","8","8","7","340","1860","2520","11","31","2930"
"480170060296","5","1","5","4","0","95","605","800","9","21","665"
"480170060299","2","0","2","2","0","14","24","42","3","9","64"
"480170060300","2","1","2","0","0","54","222","302","2","3","274"
"480170060301","11","9","11","7","8","0","0","0","13","33","11"
"480170060302","2","0","2","2","0","112","152","286","2","3","332"
"480170060306","1","1","1","1","0","35","95","135","1","2","157"
"480170060307","4","2","4","2","2","20","0","20","4","11","24"
"480170060308","17","12","17","12","5","1445","3196","5032","22","56","4726"
"480170060309","8","5","8","3","4","456","1632","2304","9","18","3064"
"480170060310","6","4","6","5","3","132","636","852","10","21","1224"
"480170060313","5","4","5","3","4","515","330","930","7","16","910"
"480170060314","3","2","3","2","1","93","240","348","3","10","495"
"480170060315","2","1","2","1","0","120","142","302","2","7","250"
"480170060316","1","1","1","1","1","2","25","31","0","2","30"
"480170060317","9","5","9","6","2","207","909","1215","12","30","1116"
"480170060318","1","1","1","0","0","33","9","44","1","2","46"
"480170060320","1","0","1","1","0","7","43","54","2","4","54"
"480170060323","2","1","2","1","1","8","22","42","9","21","50"
"480170060324","2","2","2","2","1","12","86","110","14","24","120"
"480170060328","2","2","2","0","1","56","398","478","2","5","494"
"480170060329","3","1","3","1","0","66","303","438","3","8","453"
"480170060332","1","0","1","1","0","14","68","90","2","4","108"
"480170060333","1","0","1","1","0","0","4","5","1","2","59"
"480170060335","2","1","2","1","1","14","86","118","2","6","148"
"480170060336","2","2","2","2","1","46","322","408","3","7","350"
"480170060337","6","5","6","6","5","30","0","30","12","30","42"
"480170060339","12","10","12","9","8","0","468","492","16","38","924"
"480170060340","7","6","7","2","6","35","161","238","8","22","378"
"480170060341","4","3","4","1","3","0","24","36","7","14","36"
"480170060342","2","1","2","2","1","24","126","170","3","9","186"
"480170060343","9","6","9","5","4","297","1611","2025","10","28","2304"
"480170060348","1","0","1","0","0","88","402","532","1","2","538"
"480170060349","2","1","2","1","0","74","466","590","2","5","600"
"480170060350","1","0","1","1","0","0","16","18","1","4","19"
"480170060353","4","1","4","3","0","8","0","8","5","14","8"
"480170060357","9","2","9","8","2","261","414","756","9","21","1071"
"480170060358","2","1","2","1","0","30","88","124","3","7","168"
"480170060360","12","7","12","11","5","228","324","624","17","37","612"
"480170060361","17","11","15","17","6","850","1649","2618","29","73","2686"
"480170060362","36","20","34","29","10","468","2016","2844","49","122","3564"
"480170060364","2","0","2","1","0","106","132","238","2","6","250"
"480170060366","7","5","7","7","5","119","182","315","11","31","364"
"480170060367","13","12","11","10","10","208","728","1066","18","46","1144"
"480170060368","8","4","7","8","4","232","384","712","12","28","624"
"480170060369","13","9","11","11","5","520","1027","1664","18","57","1781"
"480170060370","2","2","2","1","0","14","48","66","3","6","62"
"480170060371","11","9","10","9","7","33","154","198","18","43","264"
"480170060372","2","0","1","1","0","60","144","226","3","6","236"
"480170060374","15","10","14","14","9","165","360","675","19","55","1170"
"480170060376","1","1","1","1","1","6","7","17","2","4","19"
"480170060379","2","2","1","1","2","58","166","250","2","6","264"
"480170060381","52","40","46","49","30","2392","5200","9048","71","191","8840"
"480170060382","12","8","10","9","7","180","276","504","17","46","936"
"480170060383","9","5","8","7","3","54","198","324","14","32","486"
"480170060384","17","16","16","6","6","289","1037","1496","35","83","2023"
"480170060385","1","0","1","1","0","0","6","7","1","3","11"
"480170060388","1","1","1","1","0","7","44","57","0","1","60"
"480170060389","1","0","1","1","0","4","52","67","2","6","68"
"480170060390","6","2","5","3","0","78","504","618","5","15","594"
"480170060391","2","1","2","1","0","40","358","426","2","5","438"
"480170060392","2","1","2","1","0","90","136","228","2","5","220"
"480170060393","24","16","21","20","12","1200","2784","4368","35","79","5784"
"480170060394","7","6","6","7","4","42","266","343","9","25","371"
"480170060395","1","1","1","0","0","21","9","32","1","2","31"
"480170060397","2","0","2","0","0","10","90","106","2","4","108"
"480170060402","7","4","7","5","2","133","140","322","12","31","329"
"480170060403","25","18","24","25","14","1100","900","2250","56","132","2050"
"480170060406","5","2","5","3","0","180","1075","1355","5","16","1395"
"480170060407","4","3","4","3","1","28","128","160","6","12","204"
"480170060408","16","10","15","13","5","688","1392","2304","20","53","2288"
"480170060409","45","29","45","31","21","2430","2790","6030","63","159","6435"
"480170060410","11","8","10","7","5","319","187","506","12","35","737"
"480170060412","19","14","17","17","11","798","703","1615","29","90","1881"
"480170060415","2","2","2","2","0","28","168","232","2","6","254"
"480170060416","7","5","7","7","4","56","91","154","12","28","168"
"480170060418","5","4","4","3","2","80","250","370","8","19","375"
"480170060419","5","4","5","1","4","0","25","35","11","42","35"
"480170060420","3","2","2","2","0","39","177","228","3","9","231"
"480170060421","25","19","24","25","17","500","425","1100","33","107","875"
"480170060422","2","1","2","2","0","4","0","4","4","9","12"
"480170060425","36","31","34","35","25","1800","2664","5148","42","120","6012"
"480170060428","4","4","4","1","4","8","12","28","14","36","56"
"480170060430","1","0","1","1","0","6","13","25","3","4","31"
"480170060431","14","11","14","14","10","182","546","812","23","53","1848"
"480170060432","6","4","5","6","3","42","186","264","11","30","276"
"480170060433","21","17","21","19","14","840","861","2037","45","112","2625"
"480170060434","9","9","9","2","9","63","45","108","42","121","117"
"480170060435","29","19","26","28","16","1479","5249","7540","40","105","6322"
"480170060436","227","161","215","212","121","36320","74456","132795","335","857","152090"
"480170060437","9","7","8","7","4","18","234","297","15","38","288"
"480170060440","4","1","4","2","0","64","312","412","5","13","504"
"480170060443","1","1","1","1","0","2","50","62","3","5","81"
"480170060444","19","15","18","18","12","437","551","1121","32","94","1064"
"480170060446","3","1","3","3","0","87","438","558","5","12","561"
"480170060448","34","24","29","33","19","1700","1938","4080","46","114","3638"
"480170060449","3","2","3","3","0","48","381","462","6","21","582"
"480170060450","15","11","12","14","10","345","360","735","22","57","945"
"480170060452","4","4","3","4","3","4","20","24","7","16","28"
"480170060453","1","0","1","1","0","18","110","141","1","4","149"
"480170060455","7","5","5","2","5","434","1470","2114","10","26","2338"
"480170060456","14","13","14","13","9","70","56","266","31","71","476"
"480170060458","1","1","1","1","0","2","7","9","1","2","11"
"480170060459","1","0","1","1","0","52","105","177","1","4","171"
"480170060460","64","40","59","58","32","3904","9600","17024","88","239","15296"
"480170060461","1","0","1","0","0","39","81","125","1","2","132"
"480170060464","2","0","2","2","0","122","180","314","1","5","338"
"480170060465","1","0","1","0","0","3","4","7","1","2","6"
"480170060466","9","5","7","7","2","126","621","882","14","34","990"
"480170060469","1","1","1","1","0","17","116","142","1","4","148"
"480170060470","2","1","2","1","0","30","346","396","3","8","382"
"480170060471","4","2","4","2","0","68","344","464","4","12","384"
"480170060472","10","6","9","10","5","10","50","60","16","40","80"
"480170060473","5","5","5","5","3","100","675","830","3","16","985"
"480170060474","11","7","9","10","7","396","847","1331","14","33","1309"
"480170060475","34","26","28","31","15","476","1020","1632","57","162","1666"
"480170060476","2","2","2","2","2","0","0","0","2","4","0"
"480170060477","27","24","26","22","18","621","1404","2646","51","152","2565"
"480170060478","2","1","2","1","0","40","126","174","3","8","172"
"480170060479","18","15","18","15","9","0","0","0","28","71","0"
"480170060480","21","15","21","20","10","336","819","1344","26","78","1449"
"480170060482","2","2","2","2","2","12","10","28","5","13","34"
"480170060485","3","1","3","2","0","15","165","198","5","12","201"
"480170060488","3","1","3","1","0","75","345","453","3","6","513"
"480170060489","6","5","5","6","5","144","150","324","10","23","300"
"480170060490","1","0","1","0","0","13","38","53","1","2","55"
"480170060491","11","9","11","9","6","88","253","385","18","48","407"
"480170060492","22","17","21","20","14","242","880","1254","36","99","1540"
"480170060493","20","16","20","18","13","120","560","780","23","63","860"
"480170060495","1","0","1","0","0","12","132","157","1","2","151"
"480170060497","2","0","1","0","0","18","88","120","2","4","128"
"480170060499","19","16","16","17","11","608","855","1691","29","70","1729"
"480170060501","5","3","5","5","3","30","55","95","7","24","105"
"480170060502","1","0","1","1","0","9","54","72","1","4","69"
"480170060504","1","0","1","0","0","23","137","179","0","2","193"
"480170060505","3","0","3","2","0","12","216","255","3","8","252"
"480170060506","9","7","6","8","7","162","207","405","12","37","468"
"480170060507","2","0","2","1","0","78","106","188","2","5","184"
"480170060509","26","20","23","25","9","546","520","1404","40","112","1794"
"480170060510","49","29","46","47","22","4802","7693","14651","65","174","18032"
"480170060512","4","1","4","2","1","44","392","480","4","9","456"
"480170060513","13","10","13","12","7","221","416","650","21","67","845"
"480170060514","1","0","1","1","0","4","40","52","2","6","51"
"480170060515","3","0","2","3","0","87","330","459","3","7","450"
"480170060516","3","1","3","3","0","222","489","765","4","10","648"
"480170060517","3","3","3","3","3","0","3","36","4","16","33"
"480170060518","1","1","1","1","1","8","0","8","2","5","10"
"480170060521","10","6","9","8","4","60","430","510","14","34","640"
"480170060522","34","26","30","32","16","1428","3434","6426","41","122","8602"
"480170060523","6","5","6","5","4","72","192","306","9","27","342"
"480170060524","17","16","17","17","16","34","102","170","20","55","289"
"480170060525","2","0","2","2","0","58","146","218","5","10","262"
"480170060526","54","35","47","43","23","972","3672","5670","83","214","7128"
"480170060527","2","0","2","1","0","66","104","188","4","8","188"
"480170060528","1","1","1","1","1","25","87","123","2","6","116"
"480170060529","19","11","18","17","9","0","19","38","38","101","57"
"480170060530","7","4","7","5","1","119","630","805","13","33","1113"
"480170060531","6","4","6","5","1","234","1170","1524","10","23","1710"
"480170060533","29","22","28","24","11","1015","319","1450","42","123","1740"
"480170060534","3","1","3","2","1","48","342","453","5","12","387"
"480170060535","9","9","8","9","8","36","90","135","11","38","225"
"480170060536","9","3","8","8","1","396","1881","2664","11","31","2502"
"480170060538","8","7","7","8","6","24","104","168","13","32","184"
"480170060539","4","4","4","4","4","96","28","128","7","20","128"
"480170060540","1","1","1","1","0","37","76","119","0","2","116"
"480170060541","1","0","1","1","0","25","69","101","1","4","106"
"480170060542","20","12","19","19","8","540","720","1500","34","77","2100"
"480170060543","1","0","1","1","0","28","102","151","1","4","162"
"480170060544","7","3","6","7","2","7","7","14","8","23","14"
"480170060545","14","13","12","14","9","126","70","224","27","65","518"
"480170060546","1","0","1","0","0","39","114","176","1","2","181"
"480170060547","15","12","15","14","10","150","465","735","29","66","795"
"480170060548","2","2","2","2","2","0","0","4","4","10","20"
"480170060551","22","19","21","20","16","528","1144","1870","38","103","2068"
"480170060554","9","9","8","9","9","0","18","27","16","38","117"
"480170060555","4","0","4","1","0","36","408","496","5","10","528"
"480170060557","19","14","17","17","9","798","1311","2394","27","70","2204"
"480170060558","8","7","8","8","5","176","256","504","13","32","504"
"480170060559","70","47","61","64","39","350","350","910","111","289","1890"
"480170060560","14","9","14","11","8","336","252","686","19","57","812"
"480170060561","5","1","5","4","0","95","505","685","9","19","795"
"480170060563","10","5","9","10","3","320","990","1420","13","32","1300"
"480170060564","2","1","2","0","1","8","60","72","2","3","110"
"480170060565","24","19","22","23","17","504","1320","2136","37","110","3048"
"480170060566","15","10","15","13","6","120","270","435","29","81","675"
"480170060568","2","1","2","1","1","22","118","160","3","6","202"
"480170060570","16","11","15","15","7","304","96","432","24","64","464"
"480170060571","19","11","18","19","10","57","570","703","31","78","494"
"480170060573","12","6","12","12","4","132","468","684","18","50","744"
"480170060574","53","39","50","43","35","424","901","1537","81","210","1696"
"480170060576","7","1","7","5","0","280","693","1078","12","26","1260"
"480170060577","43","34","42","42","23","860","1462","2838","89","200","3483"
"480170060578","2","1","2","2","0","76","386","496","3","6","474"
"480170060580","2","1","2","2","0","108","330","468","3","8","484"
"480170060581","25","22","25","24","20","200","850","1250","48","121","1200"
"480170060582","3","1","3","3","0","183","192","399","4","7","423"
"480170060583","9","7","8","8","4","198","243","522","18","44","684"
"480170060584","19","14","15","19","9","228","589","950","26","80","1615"
"480170060585","4","4","4","3","3","52","52","120","6","16","232"
"480170060586","14","13","14","10","11","168","84","266","21","62","294"
"480170060588","19","9","16","17","8","475","1197","1824","27","75","1900"
"480170060589","32","25","30","31","19","928","1632","2880","64","142","3680"
"480170060590","13","12","13","3","10","195","754","1014","15","30","1352"
"480170060591","14","7","14","10","3","14","0","14","19","47","14"
"480170060592","8","6","6","6","5","160","384","768","11","31","1080"
"480170060593","26","24","22","22","22","1222","2184","4472","39","96","6552"
"480170060594","2","2","2","2","1","62","340","468","5","12","592"
"480170060595","11","9","11","10","4","176","220","462","20","49","649"
"480170060597","19","14","19","18","10","0","0","0","32","90","0"
"480170060598","1","0","1","1","0","32","85","132","2","5","154"
"480170060599","23","16","23","22","10","437","897","1610","37","91","1656"
"480170060600","1","0","1","0","0","11","40","56","1","1","82"
"480170060601","6","5","6","5","4","36","30","90","8","21","60"
"480170060602","2","0","2","2","0","42","106","152","2","8","228"
"480170060603","20","9","17","15","8","300","660","1060","30","68","1240"
"480170060604","2","1","2","2","1","0","0","0","2","6","0"
"480170060605","20","16","18","18","12","300","460","840","31","82","920"
"480170060606","56","31","53","46","21","1904","5600","8400","73","190","8792"
"480170060607","8","6","6","8","5","0","0","0","12","37","24"
"480170060608","16","10","14","14","7","224","208","448","29","59","816"
"480170060609","13","10","11","12","8","78","26","117","23","61","143"
"480170060612","5","2","5","5","0","55","115","180","8","19","135"
"480170060613","4","3","3","4","2","12","56","80","6","18","104"
"480170060614","15","11","13","14","7","465","1230","1905","19","57","2310"
"480170060615","2","1","2","2","1","48","282","362","4","10","324"
"480170060616","4","3","4","1","3","96","516","700","4","8","756"
"480170060617","14","10","10","13","7","196","294","588","24","60","658"
"480170060619","17","13","16","15","9","85","0","119","24","65","68"
"480170060620","3","2","3","2","1","33","234","324","5","12","378"
"480170060621","6","5","5","6","5","12","48","60","18","37","66"
"480170060622","27","16","25","21","14","432","1242","1863","37","108","1782"
"480170060623","14","11","13","13","8","84","182","378","17","54","714"
"480170060624","2","0","2","1","0","40","198","274","2","5","282"
"480170060625","11","11","11","10","9","154","99","253","11","41","429"
"480170060626","25","11","25","22","7","950","2275","3475","42","112","3725"
"480170060628","20","17","20","16","15","1500","260","1900","27","75","2160"
"480170060629","20","12","19","16","10","260","300","760","24","58","900"
"480170060630","12","10","9","11","7","48","108","204","16","45","288"
"480170060631","10","9","9","9","7","310","390","770","12","35","680"
"480170060632","12","7","10","10","6","300","960","1356","14","37","1416"
"480170060633","2","0","2","1","0","4","22","28","2","4","64"
"480170060634","2","1","2","2","1","120","324","478","3","7","464"
"480170060635","2","1","2","2","0","30","106","152","5","11","164"
"480170060636","4","3","3","3","3","12","20","32","9","18","44"
"480170060639","4","3","4","4","3","0","0","0","5","14","0"
"480170060640","5","3","5","5","2","45","55","135","5","16","150"
"480170060641","12","11","12","12","6","60","84","156","23","54","1008"
"480170060642","31","29","30","27","22","248","589","1085","52","141","1581"
"480170060643","22","19","20","20","18","110","198","352","27","87","594"
"480170060644","13","10","12","12","5","13","78","130","24","63","260"
"480170060645","4","3","4","4","3","40","80","140","6","17","124"
"480170060646","3","3","3","1","3","162","795","1023","5","14","954"
"480170060647","6","5","5","4","3","24","30","72","6","21","90"
"480170060648","13","8","13","11","8","247","351","715","18","54","858"
"480170060649","5","3","5","4","2","135","560","755","6","14","775"
"480170060650","33","17","29","24","12","330","1188","1749","50","128","2541"
"480170060652","17","11","17","15","10","391","1479","2125","29","69","2771"
"480170060653","19","15","19","16","11","228","627","931","33","83","950"
"480170060654","17","12","14","12","3","561","1190","2159","24","59","1785"
"480170060655","13","11","13","10","8","273","507","845","19","45","650"
"480170060656","1","1","1","1","0","9","71","88","2","5","92"
"480170060659","11","5","11","5","1","506","1683","2310","13","36","2035"
"480170060660","12","11","12","11","9","36","132","192","23","67","60"
"480170060661","1","0","0","1","0","10","50","66","0","2","78"
"480170060662","11","10","11","9","8","110","22","132","18","41","187"
"480170060663","5","5","5","4","4","0","0","0","7","19","5"
"480170060664","5","4","4","5","2","35","55","90","8","19","100"
"480170060665","6","3","5","6","3","48","42","108","10","27","156"
"480170060666","6","6","6","5","4","24","30","90","9","20","192"
"480170060667","9","4","9","8","2","99","432","594","13","34","1026"
"480170060668","11","6","10","8","4","66","308","462","16","39","594"
"480170060669","9","6","7","7","5","27","72","126","13","33","162"
"480170060671","30","22","28","25","19","1110","1680","3030","40","113","3540"
"480170060673","15","8","15","9","8","330","1605","2145","25","52","2835"
"480170060674","15","12","15","13","8","240","930","1365","21","58","1740"
"480170060675","4","2","4","3","2","0","0","0","4","10","28"
"480170060676","1","1","0","1","1","0","3","3","6","12","5"
"480170060677","2","1","1","2","1","0","0","16","2","6","28"
"480170060678","2","2","2","1","1","118","198","342","2","4","368"
"480170060681","2","2","2","1","2","0","0","4","2","5","4"
"480170060682","29","29","29","21","25","319","435","1015","38","108","1653"
"480170060683","17","12","16","15","10","323","374","765","23","67","527"
"480170060684","2","1","2","1","1","30","74","114","4","8","126"
"480170060685","15","6","14","13","1","585","1770","2655","19","55","3000"
"480170060686","4","4","4","3","1","0","0","0","5","11","4"
"480170060687","6","2","6","4","1","1494","426","1974","7","18","2004"
"480170060689","3","2","2","3","2","0","0","0","7","17","0"
"480170060690","2","1","2","2","1","0","0","0","2","8","0"
"480170060691","3","2","3","3","2","0","0","0","4","10","0"
"480170060692","4","4","4","2","3","36","72","112","8","15","196"
"480170060693","16","14","10","15","14","176","272","464","28","72","544"
"480170060694","13","11","13","10","9","273","1404","1833","20","49","1352"
"480170060695","2","2","2","2","1","2","4","6","2","6","4"
"480170060699","3","2","3","1","2","21","105","147","1","10","207"
"480170060700","18","13","17","16","13","54","18","144","32","81","234"
"480170060701","11","9","9","10","7","22","66","110","25","59","187"
"480170060702","8","5","8","6","4","56","128","208","13","36","248"
"480170060703","6","5","5","6","5","60","12","78","11","25","84"
"480170060704","3","1","3","3","1","18","69","93","4","10","93"
"480170060705","8","6","7","7","3","0","0","0","10","25","0"
"480170060706","11","9","11","11","5","253","209","462","15","44","495"
"480170060707","11","8","11","10","8","55","154","231","16","47","330"
"480170060709","10","9","9","10","7","20","70","140","13","36","120"
"480170060710","8","5","8","4","1","528","728","1352","8","22","1400"
"480170060711","20","18","20","11","13","40","40","140","27","76","780"
"480170060712","1","1","1","1","0","3","4","8","0","2","8"
"480170060713","12","9","11","10","8","48","36","108","15","44","108"
"480170060714","3","2","2","2","2","24","24","48","5","9","48"
"480170060715","13","12","10","8","9","65","546","689","16","47","728"
"480170060717","6","3","6","4","3","138","498","684","5","16","534"
"480170060718","3","3","2","3","2","9","0","9","5","16","93"
"480170060719","2","1","2","2","0","108","390","522","2","4","472"
"480170060720","6","3","6","4","2","6","0","6","8","18","6"
"480170060721","9","8","9","9","6","0","0","0","14","35","0"
"480170060722","1","0","1","1","0","15","37","59","1","4","83"
"480170060724","6","5","6","6","4","0","0","0","14","24","0"
"480170060725","5","4","5","5","2","0","20","25","8","24","30"
"480170060726","1","0","1","1","0","16","50","72","2","4","73"
"480170060727","1","1","1","0","0","18","7","26","1","2","43"
"480170060728","1","0","1","1","0","0","0","0","0","2","0"
"480170060730","9","6","8","7","6","36","216","315","11","30","351"
"480170060731","12","10","12","7","8","492","1212","1860","19","45","1896"
"480170060732","4","3","4","2","1","68","244","340","5","13","316"
"480170060733","1","1","1","0","0","0","2","2","1","2","2"
"480170060734","28","25","26","21","17","812","728","1820","43","113","3304"
"480170060735","12","10","11","9","8","144","168","396","15","43","708"
"480170060738","5","3","5","4","3","5","5","10","7","19","50"
"480170060740","9","5","9","9","3","423","117","576","19","40","585"
"480170060741","9","6","9","8","4","18","207","243","12","27","306"
"480170060743","8","5","7","7","4","48","40","112","13","32","176"
"480170060746","15","11","14","15","7","240","240","495","22","57","705"
"480170060747","22","11","21","19","9","550","1012","1694","37","95","2024"
"480170060748","8","7","7","8","4","152","80","256","18","40","312"
"480170060750","9","6","9","7","5","36","90","153","15","35","261"
"480170060751","2","2","2","2","2","0","0","0","4","8","0"
"480170060752","7","7","7","7","5","7","35","70","7","27","140"
"480170060753","11","9","11","11","7","33","66","132","14","40","143"
"480170060754","22","17","19","11","16","374","682","1298","30","82","1342"
"480170060755","16","14","13","15","10","208","880","1264","33","80","1280"
"480170060756","15","13","13","15","13","285","600","1170","21","60","1560"
"480170060757","10","6","10","9","5","50","150","250","16","44","270"
"480170060758","12","8","11","11","6","0","0","0","17","43","0"
"480170060759","2","2","2","0","1","36","2","40","2","4","36"
"480170060760","13","11","12","9","7","143","637","962","24","54","1378"
"480170060761","6","2","6","6","0","0","0","0","9","20","0"
"480170060762","2","1","2","2","1","8","30","40","2","7","66"
"480170060763","45","27","42","41","22","2925","6480","10215","61","171","10620"
"480170060764","3","1","3","3","1","39","75","135","3","14","183"
"480170060765","1","0","1","1","0","4","3","8","1","3","14"
"480170060766","2","1","2","2","1","64","200","284","2","12","282"
"480170060767","6","5","5","6","4","90","114","228","7","19","324"
"480170060768","8","5","8","1","5","712","4032","5176","12","19","5136"
"480170060771","11","3","11","9","1","143","297","473","15","36","462"
"480170060772","4","0","4","4","0","364","1312","1760","5","12","1776"
"480170060774","2","1","2","1","1","8","70","82","3","6","130"
"480170060775","2","1","2","1","1","16","26","42","2","7","46"
"480170060777","9","8","8","7","4","36","45","90","18","44","126"
"480170060779","7","3","6","4","3","133","679","896","8","23","1169"
"480170060781","19","12","18","14","8","1007","2014","3382","29","75","3249"
"480170060782","20","15","18","17","13","280","360","720","34","94","1000"
"480170060783","3","0","2","2","0","207","426","708","5","10","609"
"480170060784","1","0","1","0","0","12","121","144","1","2","145"
"480170060785","7","7","6","1","7","35","203","294","8","18","364"
"480170060787","15","6","15","12","3","525","690","1275","28","70","1605"
"480170060789","8","6","8","6","5","40","256","336","12","29","264"
"480170060790","4","3","2","3","3","0","4","4","9","18","28"
"480170060791","15","9","14","12","6","15","0","75","20","56","210"
"480170060793","4","3","4","4","2","0","0","0","8","18","4"
"480170060795","5","5","5","5","3","30","30","80","6","19","200"
"480170060796","7","5","7","7","2","77","77","168","14","38","287"
"480170060798","24","21","23","21","18","312","576","1128","38","105","1392"
"480170060799","17","13","17","13","10","255","187","476","25","60","816"
"480170060800","13","12","13","12","9","195","156","468","17","44","442"
"480170060801","1","0","1","1","0","32","127","180","2","4","166"
"480170060802","3","0","3","2","0","60","108","195","3","11","234"
"480170060803","8","7","8","7","5","136","224","376","23","45","512"
"480170060804","46","37","46","43","32","1564","2668","4876","63","164","7130"
"480170060807","1","0","1","1","0","11","42","62","0","1","81"
"480170060809","4","0","4","4","0","16","16","32","6","17","48"
"480170060810","12","11","11","6","10","156","264","540","12","36","612"
"480170060812","20","13","20","17","10","280","420","780","32","82","1000"
"480170060815","29","21","29","26","16","2320","1189","3799","46","118","3567"
"480170060816","2","2","2","1","1","4","4","8","4","6","28"
"480170060817","12","9","12","8","6","300","924","1356","15","35","1476"
"480170060818","79","56","73","65","45","4503","6557","13193","119","303","17222"
"480170060819","4","2","4","3","2","252","832","1164","7","15","1124"
"480170060820","1","1","1","0","1","9","83","98","1","2","97"
"480170060821","1","0","1","1","0","2","5","7","1","6","7"
"480170060822","12","12","12","11","10","48","24","120","17","56","156"
"480170060823","2","1","2","2","1","10","0","16","3","10","14"
"480170060824","2","1","2","2","1","8","0","10","3","8","50"
"480170060825","15","12","13","13","8","195","645","960","23","59","1560"
"480170060826","2","1","2","2","1","58","150","230","2","6","244"
"480170060827","1","1","1","1","1","0","0","0","1","2","0"
"480170060828","3","3","3","3","0","141","384","588","5","14","432"
"480170060829","11","7","10","10","6","44","0","55","25","62","88"
"480170060830","1","0","1","1","0","59","316","399","1","4","404"
"480170060831","1","0","1","0","0","11","39","55","1","2","82"
"480170060833","7","7","7","4","5","28","0","63","15","33","91"
"480170060835","6","2","6","4","1","120","720","906","10","25","930"
"480170060836","15","11","15","11","9","45","255","330","19","47","555"
"480170060837","2","2","2","2","1","10","6","20","5","13","30"
"480170060838","19","16","18","16","10","266","399","798","31","74","1330"
"480170060839","9","4","9","5","4","45","54","162","11","25","72"
"480170060840","4","4","3","4","1","24","28","52","6","17","56"
"480170060841","6","4","6","3","3","108","342","528","8","20","642"
"480170060842","33","28","32","29","18","990","1386","2673","59","144","3465"
"480170060843","6","5","6","1","5","108","636","780","6","20","876"
"480170060844","15","12","15","13","11","75","120","285","14","46","450"
"480170060845","1","1","1","1","1","10","45","65","1","4","70"
"480170060846","19","16","16","15","8","76","703","836","25","70","1140"
"480170060847","32","27","31","26","20","1376","5952","8288","42","111","8544"
"480170060848","1","1","1","1","1","1","1","5","1","4","5"
"480170060850","2","2","2","0","2","30","118","166","2","4","154"
"480170060851","7","6","7","6","4","105","259","399","9","27","441"
"480170060852","1","1","1","1","1","1","22","26","1","4","31"
"480170060855","9","7","8","8","5","72","216","333","10","27","414"
"480170060858","1","1","1","1","1","0","0","0","2","6","0"
"480170060859","1","0","1","1","0","38","100","151","2","5","203"
"480170060861","16","9","12","14","6","480","1104","1808","23","64","1808"
"480170060862","1","1","1","1","1","13","19","35","1","3","32"
"480170060863","1","1","1","1","1","1","31","37","1","2","49"
"480170060864","9","4","9","8","3","270","1035","1440","11","26","1485"
"480170060865","22","14","22","16","9","2662","4554","7920","33","77","8844"
"480170060866","10","8","10","6","5","420","790","1310","14","35","1280"
"480170060867","18","14","16","15","12","396","648","1080","29","77","936"
"480170060870","3","0","3","3","0","42","114","180","4","11","324"
"480170060873","4","0","4","2","0","136","608","800","7","16","844"
"480170060874","25","13","22","22","8","1275","3950","5875","33","89","5800"
"480170060877","6","6","6","5","6","18","42","66","12","32","138"
"480170060878","1","0","1","1","0","15","80","101","2","4","14"
"480170060879","11","10","9","9","9","22","154","176","28","72","319"
"480170060881","5","4","4","3","4","10","0","30","10","25","25"
"480170060883","11","10","10","9","8","110","132","330","21","51","572"
"480170060884","5","4","4","3","1","0","25","30","5","14","50"
"480170060886","15","12","14","10","6","75","45","720","22","65","1020"
"480170060887","5","5","5","3","5","50","80","140","7","21","195"
"480170060888","18","11","18","14","7","198","1080","1638","32","82","1944"
"480170060890","1","0","1","1","0","12","23","43","2","6","14"
"480170060891","1","0","1","0","0","21","120","152","1","2","154"
"480170060892","1","1","1","0","0","0","6","6","1","1","7"
"480170060895","22","20","20","20","14","132","154","462","36","94","0"
"480170060896","2","1","2","2","0","24","50","84","2","9","82"
"480170060897","32","21","31","30","18","1312","4128","5856","51","149","6848"
"480170060899","1","0","1","1","0","6","95","110","2","6","107"
"480170060902","12","7","12","7","2","108","288","600","12","32","660"
"480170060906","4","2","4","3","2","8","12","28","6","17","96"
"480170060907","5","2","5","3","1","210","1065","1385","5","16","2275"
"480170060908","3","1","3","2","1","99","255","369","4","13","324"
"480170060910","4","2","4","1","2","48","144","268","4","12","364"
"480170060911","3","3","3","3","3","0","81","90","3","9","90"
"480170060912","1","0","1","0","0","0","0","1","1","2","3"
"480170060915","2","0","2","1","0","78","158","258","3","6","256"
"480170060916","76","57","74","58","40","5776","7296","15352","100","286","15428"
"480170060917","5","4","4","5","4","0","0","0","10","29","0"
"480170060918","25","23","22","24","16","250","500","850","35","98","1025"
"480170060919","37","25","34","35","13","1443","2146","3959","57","144","3885"
"480170060920","2","1","2","1","1","8","86","106","3","8","112"
"480170060921","2","0","2","1","0","28","40","70","4","9","70"
"480170060922","1","1","1","1","0","9","7","17","2","4","13"
"480170060924","12","6","12","9","6","468","780","1380","16","44","2616"
"480170060927","1","0","1","1","0","11","14","28","2","3","36"
"480170060928","5","1","5","5","1","305","425","775","7","20","725"
"480170060930","20","17","18","18","14","460","920","1520","24","72","1860"
"480170060931","7","4","6","5","3","406","714","1190","8","19","1113"
"480170060932","2","1","2","1","0","36","128","188","2","3","222"
"480170060933","2","2","2","2","1","10","26","48","3","7","56"
"480170060934","48","37","44","44","31","1584","864","2832","51","158","5328"
"480170060935","6","3","6","5","2","402","534","996","7","17","984"
"480170060936","7","7","7","7","7","49","21","84","8","22","133"
"480170060937","13","8","12","12","5","104","936","1157","13","44","1313"
"480170060938","2","2","2","2","1","18","32","78","2","6","98"
"480170060940","1","0","1","1","0","18","70","97","1","4","81"
"480170060943","24","20","24","9","18","384","432","984","32","87","1008"
"480170060944","2","0","2","1","0","12","46","68","2","7","76"
"480170060945","9","7","9","6","5","18","153","252","12","30","405"
"480170060947","36","25","35","27","22","1008","4932","6732","48","133","8784"
"480170060948","12","11","9","11","11","96","168","348","22","58","528"
"480170060949","8","2","8","5","1","40","176","336","10","26","368"
"480170060950","4","2","3","1","1","4","0","4","4","7","8"
"480170060952","3","1","3","3","0","84","90","219","4","14","213"
"480170060953","3","2","3","3","0","57","42","102","4","9","93"
"480170060954","1","0","1","1","0","4","25","32","3","7","35"
"480170060955","2","1","2","1","1","6","24","44","2","6","40"
"480170060957","8","4","8","4","2","112","256","432","8","29","488"
"480170060958","3","1","3","1","1","72","495","615","5","8","609"
"480170060960","3","2","3","3","1","9","36","57","7","17","66"
"480170060961","29","26","23","27","20","1247","2117","3857","34","102","4930"
"480170060963","2","1","2","1","1","48","202","268","2","6","296"
"480170060964","3","3","3","3","1","30","69","117","3","10","96"
"480170060966","30","18","28","27","14","510","1560","2550","42","114","2850"
"480170060967","5","3","5","4","2","65","660","805","8","15","850"
"480170060969","36","30","34","25","25","648","1044","1908","49","131","2592"
"480170060971","8","5","7","4","4","248","1192","1584","9","17","1592"
"480170060973","11","8","11","11","4","352","1177","1804","22","51","2068"
"480170060974","3","1","2","2","1","129","276","447","4","10","495"
"480170060975","1","0","1","0","0","2","17","20","1","2","22"
"480170060976","1","1","1","1","1","0","0","0","0","3","0"
"480170060977","1","0","1","1","0","5","58","67","3","5","68"
"480170060979","2","0","2","0","0","44","306","372","2","4","370"
"480170060983","2","2","2","2","0","44","314","398","3","10","316"
"480170060984","39","28","38","23","19","312","507","1053","52","126","1326"
"480170060985","3","3","3","3","1","48","135","213","4","9","237"
"480170060986","8","4","8","5","1","24","56","112","11","29","104"
"480170060988","4","2","4","4","2","92","404","568","6","15","548"
"480170060990","1","0","1","1","0","19","98","127","1","2","132"
"480170060991","1","1","1","1","0","5","40","50","1","4","51"
"480170060992","23","17","22","16","8","391","690","1311","36","76","1564"
"480170060994","2","1","2","1","1","376","178","590","3","6","602"
"480170060995","90","74","85","74","55","2700","2880","7470","165","359","12600"
"480170060996","3","1","3","3","1","24","108","168","7","19","210"
"480170060998","1","0","1","0","0","3","19","25","1","4","4"
"480170060999","4","1","4","3","1","96","248","376","5","14","168"
"480170061000","1","1","1","0","1","30","96","142","1","2","150"
"480170061001","5","1","4","3","1","190","630","880","6","15","945"
"480170061002","34","22","29","33","12","850","3332","4896","47","114","6018"
"480170061003","2","2","2","1","2","16","82","114","3","9","126"
"480170061004","20","14","15","17","11","180","720","1020","34","93","1760"
"480170061005","5","4","4","3","3","30","295","415","5","13","485"
"480170061006","1","1","1","0","1","18","112","139","1","2","132"
"480170061007","1","0","1","1","0","2","13","19","2","6","20"
"480170061009","2","0","2","1","0","4","52","66","2","6","80"
"480170061010","23","8","23","8","7","276","2208","2944","31","76","3128"
"480170061011","100","85","95","79","71","5000","8600","15300","140","380","15300"
"480170061013","1","0","1","1","0","5","57","70","1","3","69"
"480170061014","4","4","4","4","1","84","316","456","5","15","532"
"480170061017","42","33","40","31","31","2352","3402","5922","59","168","6258"
"480170061018","2","1","2","0","0","12","146","176","2","6","176"
"480170061019","1","0","1","1","0","37","192","264","1","4","255"
"480170061021","1","1","1","0","1","19","63","85","1","2","84"
"480170061023","5","2","5","4","2","40","185","235","5","14","295"
"480170061025","40","34","39","26","25","720","1160","2240","53","133","2560"
"480170061026","1","1","1","1","1","12","57","74","3","6","107"
"480170061035","4","3","4","1","3","156","416","644","3","8","660"
"480170061036","1","1","1","1","0","8","48","61","1","2","67"
"480170061037","2","1","2","1","1","60","470","568","2","6","570"
"480170061039","1","0","1","0","0","25","170","205","1","2","224"
"480170061040","1","1","1","1","0","11","113","136","1","2","136"
"480170061043","3","0","2","2","0","48","174","261","5","10","285"
"480170061044","19","11","18","14","6","437","741","1311","26","65","1235"
"480170061045","83","63","78","73","44","4565","7138","16683","115","326","21580"
"480170061049","2","1","2","2","0","4","86","120","5","12","166"
"480170061050","26","18","25","17","14","442","650","1300","30","85","1690"
"480170061051","2","0","2","1","0","54","218","288","2","6","284"
"480170061053","8","4","8","3","4","96","352","576","19","31","648"
"480170061055","12","7","12","11","4","132","396","588","15","42","792"
"480170061057","1","1","1","1","0","21","72","108","2","4","117"
"480170061058","20","14","19","14","12","240","220","700","28","73","1440"
"480170061061","1","0","1","1","0","2","11","15","1","5","19"
"480170061064","27","24","23","23","21","432","1161","1755","40","101","1782"
"480170061065","1","1","1","0","0","36","98","159","1","2","187"
"480170061066","28","24","27","23","18","532","1176","2072","44","101","2212"
"480170061068","4","3","4","3","1","168","568","808","4","14","824"
"480170061069","29","24","28","24","15","1247","1914","3799","46","125","3190"
"480170061070","6","2","6","3","2","84","366","474","9","22","684"
"480170061071","59","43","54","47","39","1652","2242","4602","86","224","9735"
"480170061072","1","0","1","0","0","22","141","178","1","2","198"
"480170061073","63","50","57","47","33","1512","3150","5103","98","253","4473"
"480170061075","1","1","1","1","0","17","149","190","2","6","189"
"480170061076","10","5","9","8","4","220","620","930","21","48","1540"
"480170061077","1","0","1","1","0","0","0","0","2","4","0"
"480170061078","2","0","2","2","0","44","144","212","4","10","228"
"480170061079","8","8","3","8","7","32","48","104","12","34","176"
"480170061081","1","1","1","0","1","5","11","18","1","2","22"
"480170061082","2","2","2","1","0","4","78","92","2","4","118"
"480170061086","2","0","2","2","0","0","0","0","5","12","0"
"480170061087","1","0","1","1","0","40","85","129","1","4","121"
"480170061089","1","0","1","1","0","1","35","52","1","2","55"
"480170061090","17","12","16","11","11","51","68","153","25","64","221"
"480170061091","10","4","10","6","4","130","620","870","15","34","1270"
"480170061092","31","25","30","20","17","0","0","0","50","116","0"
"480170061094","55","36","52","40","29","2255","3740","6765","89","210","6215"
"480170061095","1","1","1","0","0","28","124","164","1","3","183"
"480170061099","1","0","1","1","0","0","8","12","1","2","12"
"480170061100","4","2","4","2","2","128","752","948","4","17","984"
"480170061104","3","2","2","2","2","69","159","240","3","10","273"
"480170061106","1","1","1","0","0","58","66","128","1","1","138"
"480170061109","1","0","1","0","0","2","31","35","1","1","42"
"480170061110","14","8","13","10","7","294","1372","1806","22","51","1652"
"480170061111","1","1","1","1","0","223","50","281","2","5","279"
"480170061112","28","18","28","22","13","1176","1540","3052","42","104","2912"
"480170061114","2","1","2","1","0","104","158","292","3","6","418"
"480170061115","27","20","25","22","17","621","675","1539","42","105","2538"
"480170061118","1","0","1","0","0","0","0","0","1","2","10"
"480170061119","2","0","2","1","0","146","140","296","3","7","294"
"480170061120","2","0","2","1","0","8","66","76","2","5","70"
"480170061121","18","12","18","12","10","162","630","810","22","57","2286"
"480170061123","3","0","3","3","0","3","132","144","5","10","159"
"480170061124","1","0","1","0","0","31","141","183","1","2","176"
"480170061125","2","2","2","1","1","16","42","78","3","5","98"
"480170061127","3","1","3","1","1","78","279","372","3","6","486"
"480170061132","25","20","24","18","15","350","700","1250","33","100","2600"
"480170061133","2","1","1","2","0","8","174","218","4","9","272"
"480170061134","1","0","1","0","0","32","133","185","1","2","178"
"480170061135","21","17","21","19","12","231","588","987","28","84","1050"
"480170061137","4","3","3","2","3","172","512","744","2","10","740"
"480170061141","21","10","21","20","7","189","273","609","37","81","798"
"480170061145","2","2","2","1","1","34","204","274","4","8","282"
"480170061149","44","24","43","38","16","1848","7348","10296","56","152","11264"
"480170061150","1","0","1","0","0","22","139","174","1","2","176"
"480170061153","7","6","6","5","4","154","483","826","12","29","1260"
"480170061157","18","16","17","15","15","738","990","2070","26","79","1890"
"480170061160","24","20","20","19","14","552","528","1368","32","93","1872"
"480170061161","1","0","1","1","0","23","122","165","1","3","179"
"480170061165","14","9","13","6","6","546","350","1050","17","35","1330"
"480170061169","1","0","1","1","0","18","96","128","0","3","124"
"480170061170","18","14","17","15","11","306","774","1188","28","81","1782"
"480170061173","1","0","1","1","0","4","58","72","1","4","75"
"480170061174","2","0","2","2","0","102","430","550","5","10","554"
"480170061176","3","3","2","3","3","24","135","174","6","13","192"
"480170061177","53","43","49","30","24","2650","3975","7155","64","196","17649"
"480170061179","4","0","4","0","0","36","428","556","4","14","616"
"480170061180","3","3","3","3","2","36","285","375","5","13","429"
"480170061183","1","0","1","0","0","35","26","63","1","3","68"
"480170061186","22","18","20","20","16","374","528","1100","36","91","2222"
"480170061191","1","0","1","1","0","2","10","14","2","4","15"
"480170061194","40","26","38","20","22","1400","320","1960","54","141","2200"
"480170061196","1","0","1","1","0","1","5","8","4","8","10"
"480170061201","16","13","16","14","8","272","640","992","24","61","1264"
"480170061203","1","0","0","1","0","6","44","53","4","8","51"
"480170061206","3","2","3","3","1","51","198","267","6","10","291"
"480170061208","5","1","5","5","1","175","775","1050","6","16","1145"
"480170061210","1","1","1","1","0","289","125","429","3","6","417"
"480170061213","2","2","2","2","2","8","72","92","2","6","122"
"480170061214","6","6","5","6","6","0","0","6","8","22","36"
"480170061217","4","1","4","1","1","72","412","572","5","17","624"
"480170061221","42","30","41","32","26","1680","4788","7224","71","177","6174"
"480170061222","10","8","9","6","7","200","230","450","15","30","630"
"480170061223","3","2","3","3","2","72","162","240","7","16","279"
"480170061224","2","1","1","2","0","34","114","164","3","7","150"
"480170061226","83","62","76","51","48","5063","6225","13612","106","291","25813"
"480170061232","21","18","19","9","13","231","567","882","24","63","1701"
"480170061235","7","6","6","5","3","0","0","14","9","25","21"
"480170061237","1","1","1","0","0","24","57","84","1","2","86"
"480170061238","2","1","2","2","1","42","202","290","3","6","310"
"480170061239","1","1","1","1","0","280","117","406","2","3","425"
"480170061243","1","0","1","1","0","15","130","158","1","5","170"
"480170061244","23","10","19","21","7","828","1978","3036","45","113","2760"
"480170061245","2","0","2","1","0","78","196","310","3","8","304"
"480170061247","6","2","6","6","1","30","96","168","13","32","282"
"480170061249","3","2","3","3","1","6","15","21","5","11","21"
"480170061251","3","3","3","1","0","39","468","564","3","8","528"
"480170061252","13","12","11","13","9","572","611","1274","25","63","1976"
"480170061257","16","10","15","9","10","48","0","48","25","69","80"
"480170061258","1","1","1","1","1","158","152","317","1","3","315"
"480170061259","16","16","16","16","16","0","304","352","19","55","432"
"480170061261","16","13","12","12","10","16","0","48","28","69","112"
"480170061262","4","3","4","1","2","176","252","460","4","8","472"
"480170061263","27","21","26","16","18","891","2106","3375","30","79","3699"
"480170061266","1","1","1","1","0","59","259","345","1","4","352"
"480170061268","12","10","11","9","7","72","156","276","17","41","0"
"480170061270","1","1","1","1","0","2","10","13","1","3","25"
"480170061271","7","3","7","6","3","14","21","63","9","21","63"
"480170061273","2","0","2","2","0","28","214","268","2","7","276"
"480170061275","2","2","2","1","1","0","0","0","4","10","0"
"480170061276","30","19","28","22","15","1620","1770","3720","46","120","5130"
"480170061277","1","0","1","0","0","3","66","73","1","2","62"
"480170061278","1","1","1","1","1","5","40","49","1","4","55"
"480170061279","7","5","7","7","5","14","42","56","14","31","210"
"480170061280","13","13","12","4","9","208","195","403","14","37","442"
"480170061283","7","6","7","4","1","35","133","196","11","29","441"
"480170061285","4","3","4","2","2","4","0","12","7","17","12"
"480170061286","23","18","21","19","12","552","1449","2438","38","91","3703"
"480170061288","22","17","22","19","13","242","968","1276","33","92","2530"
"480170061290","2","1","2","2","0","82","982","1154","4","7","1104"
"480170061292","1","0","1","1","0","6","74","82","1","2","83"
"480170061294","2","2","2","2","2","8","2","10","5","12","8"
"480170061295","1","0","1","1","0","13","149","173","1","2","182"
"480170061296","9","6","9","7","5","63","189","279","14","38","477"
"480170061297","2","0","2","1","0","20","424","480","4","8","528"
"480170061299","6","4","6","4","1","12","72","96","9","27","162"
"480170061300","3","3","3","1","3","36","279","345","5","14","330"
"480170061301","42","36","38","20","29","1050","4494","6174","54","130","6888"
"480170061303","8","7","8","8","6","136","192","360","11","29","480"
"480170061305","3","2","3","3","2","72","99","216","5","15","309"
"480170061309","3","2","3","3","2","24","24","66","8","21","123"
"480170061312","1","0","1","1","0","52","205","272","2","5","264"
"480170061314","1","1","1","1","1","9","35","50","3","7","49"
"480170061315","21","16","18","18","9","714","2016","2856","27","76","3318"
"480170061317","31","17","30","26","9","1240","4185","7688","48","125","8308"
"480170061318","4","3","4","3","3","72","232","392","7","20","456"
"480170061321","17","14","17","13","8","374","1241","1955","25","65","1921"
"480170061325","13","10","12","10","5","65","169","286","23","49","546"
"480170061326","28","21","28","15","19","532","1456","2324","47","112","3388"
"480170061328","3","2","3","2","1","3","69","120","4","12","150"
"480170061329","1","0","1","1","0","2","2","4","2","4","6"
"480170061331","1","1","1","1","0","18","158","208","1","2","243"
"480170061333","8","7","8","6","1","296","1800","2232","10","25","2384"
"480170061335","8","8","8","3","7","144","416","640","10","22","560"
"480170061336","16","11","16","14","5","1376","2672","4320","23","55","5168"
"480170061338","17","15","17","8","8","204","459","714","22","59","1071"
"480170061339","3","3","3","0","3","6","126","135","3","6","180"
"480170061340","4","2","4","3","1","184","956","1272","4","12","1260"
"480170061341","11","7","11","10","4","11","286","330","16","44","726"
"480170061343","8","8","7","8","6","184","592","856","14","41","968"
"480170061344","1","1","1","0","1","0","2","3","1","2","6"
"480170061345","9","8","8","8","5","189","585","882","13","32","1377"
"480170061346","2","2","2","2","2","6","52","66","3","8","108"
"480170061347","6","4","4","6","2","108","324","462","7","26","486"
"480170061348","10","5","9","5","5","210","620","880","15","38","1010"
"480170061349","11","8","10","9","5","341","594","1045","16","44","979"
"480170061350","12","6","12","9","6","384","1788","2412","15","31","2436"
"480170061352","5","1","5","3","0","45","230","285","7","14","305"
"480170061353","5","5","4","2","4","60","250","340","8","17","325"
"480170061354","1","0","1","0","0","90","273","386","1","2","391"
"480170061355","1","0","1","1","0","0","0","0","1","4","0"
"480170061358","4","3","4","4","2","88","148","264","7","20","552"
"480170061359","4","1","4","4","0","24","132","184","8","19","168"
"480170061360","1","0","1","1","0","9","127","142","2","6","131"
"480170061361","6","4","6","4","1","6","0","6","6","15","12"
"480170061362","1","1","1","0","1","5","22","35","1","1","28"
"480170061363","1","1","1","1","1","0","17","20","1","2","22"
"480170061365","5","3","4","2","1","0","0","0","6","13","320"
"480170061366","19","16","14","13","14","209","817","1121","22","62","1501"
"480170061368","1","1","1","1","0","20","53","80","1","4","71"
"480170061369","5","4","4","3","4","35","135","190","6","17","280"
"480170061370","10","6","10","6","6","310","1280","1720","17","42","1530"
"480170061371","1","1","1","0","1","16","27","60","1","2","66"
"480170061375","2","1","2","1","0","22","152","190","4","10","148"
"480170061377","46","33","43","33","22","1242","3864","5474","74","182","7636"
"480170061378","3","1","3","2","1","66","261","375","4","10","375"
"480170061379","6","5","6","1","4","78","246","372","6","14","330"
"480170061380","6","5","6","3","4","72","126","210","8","18","198"
"480170061381","1","0","1","1","0","8","84","96","3","10","88"
"480170061383","3","2","3","3","2","225","660","996","5","11","978"
"480170061384","4","2","4","2","0","140","476","688","3","8","832"
"480170061386","1","1","1","0","1","12","45","60","1","2","70"
"480170061388","5","4","5","4","3","0","70","85","6","18","125"
"480170061390","14","13","13","11","7","154","854","1204","18","53","1680"
"480170061391","1","1","1","1","1","3","19","30","0","2","29"
"480170061393","11","8","11","9","5","176","253","473","21","52","627"
"480170061394","1","1","1","0","0","5","39","47","1","1","61"
"480170061395","14","11","14","8","7","0","0","0","20","47","0"
"480170061396","4","2","4","3","1","8","0","8","5","11","4"
"480170061397","2","2","2","1","1","0","0","0","3","5","0"
"480170061399","2","2","2","2","2","12","44","68","5","14","62"
"480170061400","34","26","31","20","16","442","2788","3706","45","113","4284"
"480170061401","3","2","3","2","1","81","393","543","4","10","537"
"480170061402","2","0","2","2","0","24","182","226","4","8","210"
"480170061403","2","1","2","1","0","44","112","176","4","11","246"
"480170061404","7","5","7","5","3","343","371","805","8","25","826"
"480170061406","1","1","1","0","1","12","38","56","1","2","37"
"480170061408","8","6","6","5","3","72","360","504","10","23","632"
"480170061410","4","3","4","2","3","0","0","0","5","12","0"
"480170061411","1","1","1","1","0","192","628","850","2","4","860"
"480170061412","2","0","2","1","0","80","338","462","3","8","414"
"480170061414","13","11","13","7","8","65","429","572","18","43","767"
"480170061415","5","4","5","1","4","205","190","430","5","13","680"
"480170061416","2","1","2","2","0","6","58","64","3","8","78"
"480170061418","3","1","3","2","1","84","336","456","4","14","462"
"480170061419","3","1","3","2","1","78","273","411","5","10","375"
"480170061420","1","0","1","0","0","16","107","130","1","2","116"
"480170061422","6","3","6","5","3","174","564","822","7","18","954"
"480170061423","15","14","13","12","11","465","675","1305","35","93","2520"
"480170061424","16","11","15","11","6","1616","2400","4288","21","56","5104"
"480170061425","5","2","5","4","1","30","130","235","5","16","505"
"480170061426","2","2","2","1","1","22","66","92","3","8","108"
"480170061427","2","0","2","1","0","44","252","350","4","6","324"
"480170061429","5","4","5","3","0","55","380","465","7","19","460"
"480170061431","3","3","3","2","3","3","12","18","6","12","18"
"480170061432","2","2","2","0","2","26","92","124","2","3","184"
"480170061433","1","1","1","0","1","0","6","7","1","2","7"
"480170061434","3","3","3","1","3","36","219","303","4","11","297"
"480170061435","8","7","8","3","2","96","752","952","10","26","1040"
"480170061436","17","10","17","10","9","357","425","918","27","66","1428"
"480170061437","1","1","1","1","0","4","68","79","1","4","57"
"480170061439","6","5","6","1","5","132","282","462","7","17","564"
"480170061440","7","7","7","5","5","140","385","616","10","21","1001"
"480170061442","4","2","4","0","0","52","248","344","5","10","340"
"480170061443","1","1","1","1","1","10","64","80","1","2","84"
"480170061444","2","2","1","1","1","16","116","146","1","6","146"
"480170061445","9","9","9","5","7","279","1008","1422","10","27","1197"
"480170061446","1","0","1","1","0","11","110","138","2","4","135"
"480170061448","1","1","1","1","1","8","34","48","1","3","52"
"480170061449","2","1","1","2","1","26","116","158","2","6","190"
"480170061450","13","9","13","7","6","26","273","351","41","42","962"
"480170061451","4","3","4","2","2","60","276","372","4","13","376"
"480170061452","5","1","5","0","1","30","175","225","5","14","205"
"480170061453","2","1","2","1","1","26","132","162","3","8","324"
"480170061454","2","2","2","0","2","10","48","68","3","4","88"
"480170061457","1","1","1","1","0","7","41","50","1","2","52"
"480170061458","1","0","1","0","0","0","7","7","1","2","0"
"480170061459","9","7","9","4","5","36","0","36","19","28","27"
"480170061460","2","2","2","0","2","14","30","44","2","5","36"
"480170061461","1","1","1","0","1","15","48","70","1","2","69"
"480170061463","5","5","5","4","4","80","320","470","10","21","560"
"480170061464","3","3","3","2","2","12","6","21","4","14","21"
"480170061465","1","0","1","1","0","8","25","37","2","4","61"
"480170061466","2","1","2","1","1","8","72","90","4","10","92"
"480170061467","2","1","2","0","1","14","46","64","2","3","110"
"480170061469","13","7","13","6","6","221","676","1105","18","43","1885"
"480170061470","2","2","2","2","1","6","48","60","3","8","62"
"480170061473","3","3","3","1","1","42","231","297","3","8","294"
"480170061474","2","0","2","2","0","8","36","48","4","8","54"
"480170061476","13","10","13","11","5","182","1014","1300","22","53","1352"
"480170061477","2","1","2","1","0","50","154","230","2","4","250"
"480170061478","4","3","3","3","1","116","404","568","4","12","828"
"480170061479","12","11","12","6","11","144","588","828","15","39","1356"
"480170061480","4","1","3","4","0","56","508","652","6","14","612"
"480170061481","4","2","4","3","0","108","424","588","6","14","796"
"480170061482","2","1","2","1","1","26","80","110","2","6","120"
"480170061483","1","1","1","1","0","7","45","55","1","4","56"
"480170061485","4","3","3","1","3","40","168","232","3","14","212"
"480170061487","4","3","3","2","2","80","188","288","5","10","392"
"480170061488","4","2","4","3","2","56","276","364","5","12","408"
"480170061489","4","4","4","3","3","0","0","0","6","12","0"
"480170061490","2","1","2","2","0","20","66","102","1","7","118"
"480170061491","6","4","5","6","2","54","432","558","8","22","612"
"480170061492","7","2","7","5","2","63","63","126","8","22","147"
"480170061493","3","2","3","3","1","81","189","312","6","16","327"
"480170061496","4","3","3","3","3","44","232","316","6","15","172"
"480170061497","6","3","6","3","1","66","234","324","9","20","480"
"480170061498","3","3","3","3","3","129","408","588","5","12","582"
"480170061499","1","0","1","0","0","7","41","53","1","2","57"
"480170061500","1","1","0","0","1","7","26","37","1","2","28"
"480170061501","3","1","3","1","0","42","309","393","3","5","456"
"480170061502","4","2","4","3","1","20","144","184","4","11","216"
"480170061503","3","3","3","1","2","66","144","255","6","14","381"
"480170061506","1","0","1","1","0","4","87","101","1","2","91"
"480170061507","3","0","3","2","0","105","252","384","4","8","399"
"480170061508","8","7","8","5","5","456","1224","1864","10","31","1880"
"480170061510","5","4","5","1","1","65","635","785","5","14","790"
"480170061511","2","2","2","2","0","28","100","140","2","7","226"
"480170061512","1","1","1","1","1","25","39","66","2","6","69"
"480170061514","5","3","4","4","3","90","340","475","3","15","550"
"480170061516","1","0","1","1","0","31","95","136","2","4","116"
"480170061517","1","0","1","1","0","28","125","172","1","2","196"
"480170061519","1","1","1","1","0","15","67","98","2","4","93"
"480170061520","3","2","3","3","0","27","174","210","4","11","174"
"480170061521","10","4","10","6","1","110","1520","1800","19","36","2200"
"480170061522","3","1","3","0","1","54","390","495","3","7","543"
"480170061523","4","3","3","1","3","60","304","420","7","17","380"
"480170061524","1","1","1","1","0","31","145","199","1","4","199"
"480170061525","3","3","2","3","2","54","270","357","4","14","381"
"480170061528","1","1","1","1","1","8","48","60","1","3","61"
"480170061529","4","2","4","0","2","100","548","720","4","8","716"
"480170061531","18","14","17","14","12","216","594","954","21","66","1296"
"480170061535","3","3","3","3","1","222","477","762","8","16","717"
"480170061536","7","5","7","5","4","182","756","1078","9","20","1127"
"480170061537","4","2","4","3","2","64","352","444","6","12","520"
"480170061539","1","1","1","0","1","19","56","88","1","2","99"
"480170061540","1","1","1","0","1","16","38","62","1","2","78"
"480170061541","5","4","5","4","4","55","585","760","7","22","790"
"480170061542","1","1","1","0","1","7","23","34","1","4","24"
"480170061544","7","5","7","3","3","175","840","1141","14","31","1218"
"480170061545","1","1","1","1","0","2","10","14","2","4","19"
"480170061546","4","4","3","2","4","60","196","304","7","13","380"
"480170061547","5","5","5","1","3","110","185","310","5","9","250"
"480170061548","4","2","4","2","1","12","8","20","6","13","0"
"480170061549","4","1","4","3","1","52","100","172","12","28","232"
"480170061551","5","4","5","1","4","175","460","695","6","18","655"
"480170061552","7","6","6","6","5","77","490","616","9","23","637"
"480170061553","1","0","1","1","0","2","23","27","1","2","0"
"480170061554","3","3","2","1","2","33","144","204","4","12","222"
"480170061556","5","5","5","1","4","150","380","645","5","15","825"
"480170061557","3","2","3","1","1","132","642","846","3","8","810"
"480170061559","3","3","3","2","2","6","0","21","3","9","36"
"480170061560","3","1","3","2","1","48","210","276","4","9","327"
"480170061561","1","1","1","0","0","11","58","80","1","2","80"
"480170061562","1","0","1","0","0","18","36","59","1","1","66"
"480170061563","7","5","7","5","3","0","0","0","8","16","56"
"480170061564","2","1","2","1","0","20","82","118","2","6","148"
"480170061565","3","2","3","2","0","117","255","393","3","9","447"
"480170061567","1","0","1","1","0","5","51","84","1","2","87"
"480170061568","6","5","6","1","4","84","570","744","7","16","918"
"480170061569","1","1","1","0","1","20","107","139","1","1","143"
"480170061570","3","1","2","2","1","51","132","219","4","11","192"
"480170061571","1","1","1","1","1","24","71","102","4","6","119"
"480170061572","3","2","3","3","1","78","195","300","3","12","204"
"480170061573","4","4","4","3","3","92","204","328","5","10","468"
"480170061574","4","3","4","3","2","8","136","152","4","12","200"
"480170061575","3","1","2","1","1","27","246","306","3","8","282"
"480170061576","1","1","0","0","0","4","30","38","1","2","33"
"480170061578","2","1","2","2","0","6","54","66","7","13","88"
"480170061579","4","3","4","1","0","0","68","80","7","16","100"
"480170061580","2","0","2","1","0","148","260","428","2","7","438"
"480170061581","3","1","3","2","0","192","426","678","2","10","747"
"480170061582","7","5","7","5","2","175","371","609","12","29","854"
"480170061583","1","1","1","1","1","17","54","82","1","4","73"
"480170061585","11","8","11","6","7","209","946","1221","11","36","1188"
"480170061587","2","1","2","2","1","46","162","228","2","7","242"
"480170061589","3","1","3","2","1","81","234","348","4","8","372"
"480170061590","1","0","1","0","0","5","33","40","1","1","40"
"480170061593","5","3","5","4","3","85","595","760","7","18","770"
"480170061594","4","1","4","0","1","80","284","424","4","7","452"
"480170061596","6","2","6","2","0","408","984","1464","7","16","1488"
"480170061597","2","2","2","1","2","4","42","54","2","4","2"
"480170061598","12","8","12","8","5","528","504","1188","17","40","960"
"480170061599","1","0","1","1","0","6","72","83","3","5","94"
"480170061600","3","3","3","2","2","39","255","336","6","10","366"
"480170061601","5","4","5","5","4","150","520","740","13","26","730"
"480170061602","1","1","1","1","0","10","23","35","1","4","35"
"480170061604","2","1","2","1","0","36","140","184","3","4","198"
"480170061605","1","0","1","0","0","6","16","27","1","2","29"
"480170061606","12","9","12","8","7","696","2628","3588","18","41","3996"
"480170061607","2","2","2","2","2","0","2","2","13","24","6"
"480170061608","2","1","2","1","0","48","220","290","2","6","302"
"480170061609","2","2","2","1","2","40","132","190","2","6","310"
"480170061612","2","2","2","1","2","48","212","280","2","4","292"
"480170061613","11","5","11","4","5","55","176","242","14","27","231"
"480170061616","13","10","13","7","10","416","3094","3835","22","56","3874"
"480170061619","2","1","2","0","1","38","154","214","2","6","188"
"480170061620","3","2","2","1","1","243","579","888","3","8","975"
"480170061622","1","1","1","1","1","7","27","36","2","4","38"
"480170061623","4","2","2","3","1","164","688","948","7","19","828"
"480170061624","5","1","5","3","1","30","65","105","4","15","105"
"480170061626","1","1","1","1","1","10","42","58","2","6","62"
"480170061629","10","4","10","9","1","1670","3480","5670","15","42","5870"
"480170061630","2","0","2","2","0","12","50","74","2","5","62"
"480170061632","8","5","8","2","3","432","1808","2448","15","37","2472"
"480170061634","5","4","5","2","3","105","985","1150","4","15","1105"
"480170061637","1","0","1","1","0","31","18","49","1","2","53"
"480170061638","1","1","1","0","1","8","56","69","1","2","97"
"480170061639","2","0","2","2","0","26","74","108","2","7","114"
"480170061640","2","1","2","0","1","34","174","228","2","3","236"
"480170061641","6","4","6","3","2","1320","1290","2850","10","17","2898"
"480170061643","1","0","1","0","0","5","24","31","1","2","35"
"480170061645","5","1","5","2","0","985","2955","4165","5","13","4310"
"480170061646","7","4","7","5","2","224","1218","1575","9","30","1456"
"480170061647","3","1","2","1","1","189","675","921","4","10","981"
"480170061649","6","3","6","5","2","288","762","1176","7","21","1374"
"480170061650","1","1","0","1","0","19","64","87","1","4","94"
"480170061652","1","1","1","1","0","13","58","76","1","2","83"
"480170061653","1","0","1","1","0","15","61","86","2","6","111"
"480170061654","1","1","1","1","1","0","3","4","2","6","0"
"480170061655","2","1","2","1","1","34","190","244","4","7","236"
"480170061656","1","0","1","1","0","8","46","64","5","10","65"
"480170061659","8","4","7","5","0","64","848","960","10","28","1256"
"480170061660","1","1","1","1","0","14","0","15","1","2","14"
"480170061661","11","7","11","8","4","715","1925","2805","12","34","3058"
"480170061663","5","1","5","4","1","710","880","1645","7","22","1845"
"480170061664","4","3","4","4","2","52","288","360","7","20","428"
"480170061665","2","1","2","2","1","28","78","116","1","6","118"
"480170061667","6","1","6","5","1","282","1098","1542","11","23","1632"
"480170061668","3","1","3","2","0","111","345","483","5","8","597"
"480170061669","17","7","17","9","6","1088","3689","5304","25","48","6120"
"480170061670","5","2","5","1","0","70","440","580","6","14","1095"
"480170061672","8","4","8","2","1","688","2664","3584","8","17","3896"
"480170061673","4","2","4","2","1","12","164","200","3","10","200"
"480170061674","3","3","3","0","3","54","159","231","3","6","225"
"480170061675","1","1","1","1","1","19","87","114","2","4","146"
"480170061677","2","2","2","1","1","40","204","262","3","10","206"
"480170061681","3","1","3","1","1","36","177","237","3","8","273"
"480170061683","1","0","1","1","0","29","179","219","1","4","238"
"480170061684","9","7","8","6","3","801","1116","2052","14","39","3168"
"480170061685","1","1","1","1","0","0","0","0","0","4","92"
"480170061686","3","2","3","3","1","0","36","39","5","11","54"
"480170061688","4","3","4","1","0","148","636","888","6","13","788"
"480170061689","2","2","2","0","2","6","80","86","2","6","110"
"480170061691","4","2","4","3","1","356","748","1204","4","14","1152"
"480170061692","3","1","3","3","1","63","498","600","4","10","597"
"480170061693","9","5","9","4","4","792","2772","3861","9","23","4032"
"480170061694","3","0","3","3","0","24","102","159","6","13","168"
"480170061695","3","1","3","2","0","30","150","219","11","26","324"
"480170061696","1","0","1","1","0","29","84","123","1","2","143"
"480170061697","1","1","1","1","1","1","15","19","1","2","21"
"480170061698","1","0","1","1","0","25","101","142","1","5","137"
"480170061699","6","4","5","5","4","84","576","756","9","24","666"
"480170061700","4","1","4","2","1","52","256","344","5","12","408"
"480170061701","3","1","3","2","1","66","297","396","7","16","351"
"480170061704","2","2","2","0","1","62","124","208","2","4","244"
"480170061710","2","1","2","2","1","42","154","220","3","8","176"
"480170061712","1","1","1","1","1","26","136","185","3","7","161"
"480170061713","2","1","2","2","0","38","100","152","3","9","152"
"480170061714","5","0","5","2","0","190","910","1230","5","14","1070"
"480170061715","1","0","1","1","0","10","40","56","1","3","62"
"480170061716","3","1","3","3","1","0","0","0","4","8","0"
"480170061721","1","0","1","1","0","7","33","45","1","3","39"
"480170061722","6","1","6","2","0","312","852","1302","6","13","1212"
"480170061724","1","0","1","0","0","0","12","14","1","2","14"
"480170061732","5","1","4","4","0","165","380","610","8","18","605"
"480170061734","1","1","1","1","0","8","53","63","0","2","64"
"480170061736","4","1","4","4","1","224","708","1004","5","11","976"
"480170061737","4","3","4","2","2","168","356","552","6","14","564"
"480170061738","7","5","7","4","2","84","994","1141","10","27","1176"
"480170061739","5","5","5","3","4","160","580","795","7","20","850"
"480170061742","8","5","8","4","3","384","1424","2016","8","17","2128"
"480170061744","1","0","1","0","0","6","75","86","1","2","83"
"480170061745","1","1","1","1","0","4","29","38","2","4","45"
"480170061747","1","0","1","1","0","8","29","38","3","5","38"
"480170061750","6","5","6","0","3","300","810","1188","6","12","1092"
"480170061752","3","1","3","3","1","0","9","9","3","10","9"
"480170061754","1","1","0","1","0","1","8","9","1","4","9"
"480170061755","5","3","5","3","0","160","925","1205","8","13","1530"
"480170061759","1","1","1","0","1","11","67","86","1","2","124"
"480170061760","1","1","1","1","0","2","10","14","2","4","13"
"480170061764","1","0","1","0","0","26","72","111","1","2","123"
"480170061768","2","1","2","1","1","10","72","96","2","6","136"
"480170061769","2","1","2","2","1","8","0","8","4","7","8"
"480170061770","1","0","1","1","0","4","47","57","2","5","101"
"480170061771","2","1","2","1","0","78","290","424","2","4","572"
"480170061772","1","0","1","1","0","2","31","37","1","2","49"
"480170061779","1","1","1","1","0","38","127","177","2","6","154"
"480170061781","1","0","1","0","0","36","148","200","1","2","238"
"480170061782","1","0","1","0","0","17","92","117","1","1","143"
"480170061783","1","1","1","0","0","0","0","0","1","3","170"
"480170061786","1","1","1","1","0","60","120","204","1","2","206"
"480170061787","1","1","1","1","0","9","55","69","1","2","78"
"480170061792","5","2","5","2","1","300","1295","1705","6","19","1600"
"480170061793","2","1","2","2","0","8","104","132","3","7","126"
"480170061794","8","4","7","4","3","208","472","704","8","24","720"
"480170061796","1","1","1","1","0","0","0","0","2","4","1"
"480170061798","2","1","2","2","1","38","188","266","3","7","260"
"480170061799","1","1","1","1","1","1","23","24","2","4","25"
"480170061804","3","1","3","2","0","60","276","387","5","14","330"
"480170061805","3","2","2","2","0","141","549","741","3","9","768"
"480170061808","5","0","5","2","0","140","700","890","4","11","805"
"480170061813","1","1","1","1","1","26","143","194","2","7","229"
"480170061814","2","2","2","1","1","16","152","176","3","6","190"
"480170061816","1","1","1","1","0","6","45","52","2","4","72"
"480170061817","6","2","6","5","2","516","1698","2304","7","22","2706"
"480170061819","1","0","1","1","0","0","13","16","1","3","16"
"480170061820","3","1","3","3","1","39","378","471","5","10","465"
"480170061822","2","2","2","1","1","16","98","138","2","4","144"
"480170061824","2","0","2","1","0","12","54","68","4","10","72"
"480170061826","3","2","3","2","0","108","228","384","5","10","510"
"480170061827","6","3","5","3","0","30","276","354","9","17","360"
"480170061831","2","1","2","2","1","16","82","102","3","10","130"
"480170061832","6","3","6","6","2","108","156","282","9","26","312"
"480170061834","8","5","8","7","1","1440","3728","5592","10","26","5600"
"480170061838","1","1","1","0","1","14","55","78","1","1","92"
"480170061840","4","3","2","4","1","76","332","444","5","16","468"
"480170061844","3","1","3","2","1","87","327","453","3","6","450"
"480170061848","3","3","2","1","3","6","21","30","5","14","57"
"480170061850","4","1","4","2","0","44","712","828","7","15","1060"
"480170061853","1","1","1","1","0","21","131","166","2","4","147"
"480170061856","1","0","1","1","0","44","168","238","1","5","236"
"480170061858","2","0","2","1","0","50","268","338","2","6","314"
"480170061862","2","1","2","2","1","276","310","624","5","14","644"
"480170061863","1","1","1","1","1","39","28","73","1","4","80"
"480170061866","1","0","1","1","0","13","55","73","1","4","85"
"480170061867","2","1","2","1","1","14","110","144","2","6","152"
"480170061869","2","2","2","2","0","112","6","124","3","8","124"
"480170061870","3","1","2","1","0","66","222","318","3","8","309"
"480170061873","3","1","3","2","0","699","342","1080","4","8","1002"
"480170061877","3","1","3","2","0","33","117","195","5","11","231"
"480170061878","2","0","2","2","0","38","332","402","5","15","402"
"480170061879","1","0","1","1","0","5","38","50","1","3","64"
"480170061880","19","11","17","15","6","1786","6973","9481","25","63","9994"
"480170061881","2","1","2","1","1","18","80","108","6","10","120"
"480170061884","2","1","2","1","0","148","568","756","3","6","752"
"480170061885","2","2","1","2","2","64","156","234","2","8","208"
"480170061886","13","6","13","8","4","702","2808","3952","18","44","3627"
"480170061888","1","0","1","1","0","0","0","2","1","4","3"
"480170061890","2","1","2","2","0","38","146","196","2","5","196"
"480170061894","3","0","3","2","0","537","477","1056","3","5","1074"
"480170061895","2","0","2","0","0","12","88","130","2","4","136"
"480170061896","1","0","1","1","0","5","48","58","2","6","56"
"480170061897","1","0","1","1","0","29","177","222","4","9","265"
"480170061898","2","2","2","1","0","8","34","52","4","8","78"
"480170061900","6","2","6","3","2","1026","2502","3762","8","20","3834"
"480170061901","4","3","4","1","2","72","352","448","4","7","500"
"480170061902","1","0","1","1","0","25","104","143","1","4","151"
"480170061904","1","0","1","0","0","18","31","57","1","2","58"
"480170061905","1","1","1","1","0","36","81","128","1","4","130"
"480170061906","8","3","8","4","0","192","1432","1992","15","28","2176"
"480170061910","1","1","1","1","0","17","56","84","1","2","84"
"480170061911","5","3","5","1","2","145","735","920","6","10","930"
"480170061912","7","6","6","5","1","126","385","560","8","17","581"
"480170061914","5","1","3","5","0","305","1725","2180","7","21","2125"
"480170061915","3","1","3","2","0","84","264","408","6","12","447"
"480170061921","2","0","2","2","0","82","122","214","4","10","256"
"480170061922","5","1","5","4","0","145","785","995","4","10","1045"
"480170061924","7","5","7","4","3","287","1092","1526","7","12","1477"
"480170061925","1","0","1","1","0","13","48","68","2","4","68"
"480170061928","3","1","3","0","0","42","213","276","3","6","378"
"480170061931","3","3","2","2","1","369","927","1365","4","9","1386"
"480170061932","7","4","4","4","3","147","616","854","9","20","994"
"480170061933","3","3","3","3","0","57","579","669","4","10","645"
"480170061936","4","4","4","1","3","56","280","388","4","9","416"
"480170061937","10","8","10","6","6","940","4500","5890","13","30","5740"
"480170061938","2","0","2","0","0","52","196","264","2","3","280"
"480170061944","1","0","1","0","0","9","42","58","1","2","57"
"480170061945","3","0","3","1","0","276","363","708","3","7","771"
"480170061950","1","0","1","1","0","13","30","49","2","5","78"
"480170061952","1","0","1","1","0","9","50","157","1","2","127"
"480170061954","2","2","2","0","1","30","122","160","2","3","172"
"480170061955","2","0","2","1","0","66","170","246","2","5","350"
"480170061956","1","1","1","1","1","74","220","317","1","4","319"
"480170061957","1","0","1","1","0","34","40","79","2","1","84"
"480170061958","13","8","13","6","7","195","2145","2886","17","46","2912"
"480170061959","1","0","1","1","0","5","180","193","1","4","197"
"480170061961","2","0","2","1","0","18","130","168","2","4","166"
"480170061963","2","0","2","2","0","328","364","746","5","10","760"
"480170061965","7","1","7","4","0","112","462","651","9","21","749"
"480170061966","1","1","1","1","1","7","30","40","2","3","42"
"480170061967","1","1","1","0","0","26","135","183","1","2","218"
"480170061968","2","0","2","2","0","42","128","204","5","8","228"
"480170061969","1","1","1","0","0","11","45","60","1","2","86"
"480170061974","1","1","1","0","0","1","7","10","1","2","9"
"480170061978","4","1","3","2","0","4","0","36","5","15","16"
"480170061979","10","5","9","3","4","300","1100","1560","12","20","1640"
"480170061983","1","0","1","0","0","25","101","135","2","5","148"
"480170061984","1","0","1","1","0","3","48","56","1","2","60"
"480170061985","2","1","2","2","1","8","48","76","3","12","82"
"480170061986","4","1","4","1","1","124","428","616","5","8","640"
"480170061987","2","0","1","2","0","18","316","358","2","7","366"
"480170061988","10","8","10","9","3","20","230","280","8","34","270"
"480170061989","1","0","1","1","0","2","16","19","2","5","24"
"480170061990","1","1","0","1","0","13","71","91","0","4","102"
"480170061991","3","3","3","3","0","111","510","651","5","13","597"
"480170061992","2","0","2","0","0","10","62","164","2","4","162"
"480170061994","8","3","8","5","3","360","1712","2392","10","25","2288"
"480170061996","4","0","4","3","0","112","484","664","6","15","664"
"480170062004","2","1","2","2","0","14","256","298","2","9","364"
"480170062006","1","0","1","1","0","23","180","212","1","3","210"
"480170062007","1","1","1","1","1","5","49","59","3","8","74"
"480170062008","6","5","6","2","3","60","360","462","8","18","504"
"480170062012","3","1","3","0","1","0","6","6","3","6","6"
"480170062014","1","1","1","1","0","96","57","160","2","6","139"
"480170062016","1","1","1","1","0","28","121","161","2","4","183"
"480170062017","1","0","1","0","0","78","1","79","1","2","79"
"480170062018","1","0","1","1","0","0","1","1","2","5","1"
"480170062019","1","0","1","1","0","7","28","41","2","4","42"
"480170062020","5","5","5","4","1","500","1500","2320","4","13","2045"
"480170062021","1","1","1","0","1","1","16","22","2","5","26"
"480170062024","1","1","1","0","1","0","18","19","1","2","25"
"480170062025","3","2","3","3","0","36","249","291","3","8","375"
"480170062026","2","1","2","1","0","54","352","450","3","7","428"
"480170062027","1","1","1","0","0","2","50","55","1","1","53"
"480170062032","3","1","3","3","0","159","1020","1257","3","10","1275"
"480170062035","12","7","9","6","2","1524","6828","9072","14","35","8580"
"480170062036","3","1","2","3","0","24","102","126","4","8","75"
"480170062040","2","1","2","2","0","80","608","742","2","5","764"
"480170062041","3","1","3","3","1","99","507","639","5","11","603"
"480170062048","1","0","1","0","0","36","143","196","1","2","198"
"480170062049","2","1","2","0","0","454","530","1060","2","3","1074"
"480170062050","6","3","6","2","3","138","642","852","8","19","966"
"480170062052","1","1","1","0","1","4","26","33","1","4","34"
"480170062054","2","1","2","1","0","28","104","142","1","4","124"
"480170062055","3","1","3","3","0","114","276","438","5","11","456"
"480170062057","1","1","1","0","0","51","210","284","1","2","270"
"480170062058","1","0","1","1","0","18","53","76","1","2","85"
"480170062059","1","0","1","1","0","0","14","14","1","4","13"
"480170062062","3","3","3","3","3","9","54","81","4","9","87"
"480170062066","2","0","2","0","0","50","196","274","2","5","264"
"480170062069","1","0","1","1","0","12","11","38","2","4","52"
"480170062072","1","0","1","1","0","6","20","29","2","4","28"
"480170062079","3","2","3","3","2","441","459","945","3","15","921"
"480170062081","1","1","1","1","0","18","94","163","1","3","174"
"480170062085","1","0","1","1","0","14","53","67","2","4","66"
"480170062087","1","1","1","1","0","0","15","16","2","3","18"
"480170062089","1","0","1","1","0","9","53","66","1","3","72"
"480170062090","4","3","4","4","3","16","148","200","19","43","208"
"480170062091","1","0","1","1","0","8","55","74","1","4","77"
"480170062093","3","1","2","3","1","3","6","9","8","20","18"
"480170062094","4","4","4","1","4","20","180","232","7","16","236"
"480170062096","1","1","1","1","1","1","11","13","8","16","32"
"480170062097","10","2","10","10","1","1220","3530","5110","15","41","5150"
"480170062098","1","1","1","1","0","7","68","79","1","4","78"
"480170062099","1","1","1","1","0","3","81","86","1","5","85"
"480170062103","1","0","1","1","0","21","73","105","1","3","114"
"480170062105","2","2","1","2","0","10","20","36","3","6","80"
"480170062106","1","0","1","1","0","32","158","214","2","4","243"
"480170062108","1","0","0","1","0","1","15","20","1","2","28"
"480170062109","1","0","1","1","0","0","2","3","2","6","3"
"480170062110","1","0","1","0","0","3","29","33","1","4","40"
"480170062111","1","1","1","1","1","2","9","15","2","7","18"
"480170062119","1","0","1","1","0","18","15","37","2","4","48"
"480170062120","3","2","3","2","2","0","12","15","10","21","24"
"480170062121","2","1","2","2","1","4","118","130","4","7","152"
"480170062122","2","1","2","1","1","10","26","42","3","5","124"
"480170062124","1","1","1","1","1","1","25","30","0","2","57"
"480170062125","2","0","2","2","0","22","214","280","6","12","406"
"480170062126","5","2","5","3","0","95","415","635","11","21","1080"
"480170062127","12","5","12","7","2","1452","5076","7152","14","33","6672"
"480170062131","3","3","3","3","2","27","45","93","6","13","114"
"480170062133","1","0","1","1","0","2","11","20","0","4","26"
"480170062135","1","1","1","1","0","16","96","125","2","5","129"
"480170062137","1","0","1","0","0","0","0","8","1","2","12"
"480170062140","2","2","2","2","1","14","108","226","6","13","352"
"480170062142","1","1","1","1","0","0","1","1","4","8","1"
"480170062143","1","1","1","1","1","1","1","4","3","6","9"
"480170062147","2","2","2","0","0","8","2","12","2","4","54"
"480170062149","1","1","1","1","0","1","4","7","4","10","7"
"480170062150","3","2","3","1","2","15","90","117","3","5","123"
"480170062154","6","4","6","6","3","96","240","384","10","25","654"
"480170062155","2","2","2","0","0","120","666","878","2","5","922"
"480170062157","1","0","1","0","0","13","82","105","1","2","109"
"480170062158","1","0","1","1","0","5","23","32","1","2","47"
"480170062159","3","1","3","2","1","6","36","51","4","8","171"
"480170062160","1","1","1","0","0","6","28","37","1","2","59"
"480170062161","2","0","2","1","0","0","8","14","4","9","48"
"480170062162","1","1","1","0","1","1","10","11","2","5","17"
"480170062163","1","0","1","1","0","1","8","9","2","4","15"
"480170062164","3","2","3","3","0","6","102","135","4","10","234"
"480170062167","2","1","2","2","0","24","342","376","3","7","572"
"480170062169","2","1","2","1","0","2","22","40","3","8","48"
"480170062177","63","45","60","59","35","2772","3150","6930","116","303","10773"
"480170062181","1","0","1","1","0","1","25","34","1","4","87"
"480170062186","1","1","1","1","0","0","0","0","3","6","1"
