SEZ2011,Entire home/apt,Hotel room,Private room,Shared room
480170060001,0.3333333333333333,,,
480170060004,2.0,,2.0,
480170060005,1.0,,,
480170060011,8.0,,15.0,
480170060014,,,1.0,
480170060031,1.0,,,
480170060033,3.0,,,
480170060037,1.0,,,
480170060039,1.0,,2.0,
480170060044,1.0,,,
480170060049,63.0,,,
480170060053,0.0,,,
480170060058,1.0,,,
480170060059,26.0,,15.0,
480170060061,2.25,,,
480170060062,0.0,,0.0,
480170060068,6.0,,,
480170060070,105.16666666666667,,,
480170060071,3.25,,,
480170060073,1.0,,,
480170060074,3.0,,,
480170060079,3.0,,,
480170060082,1.0,,1.0,
480170060084,,,1.0,
480170060085,41.4,,,
480170060086,0.5,,,
480170060087,1.0,,,
480170060093,98.0,,,
480170060094,2.25,,,
480170060095,3.0,,3.0,
480170060096,0.6666666666666666,,1.0,
480170060098,6.0,,,
480170060099,1.0,,0.0,
480170060100,39.0,,1.5,
480170060102,2.0,,,
480170060106,4.714285714285714,,2.0,
480170060110,2.0,,1.0,
480170060115,5.4,,,
480170060118,6.0,,,
480170060122,,,9.0,
480170060123,2.25,,6.0,
480170060124,1.6666666666666667,,,
480170060126,2.0,,,
480170060127,9.5,,2.0,1.0
480170060128,1.0,,,
480170060132,5.75,,,
480170060133,0.0,,,
480170060134,1.5,,,
480170060137,0.0,,,
480170060139,1.0,,,
480170060140,4.75,5.0,1.0,
480170060142,4.444444444444445,,2.0,
480170060144,,,3.0,
480170060150,0.0,,26.0,
480170060151,2.0,,,
480170060152,6.411764705882353,,7.666666666666667,
480170060153,64.0,,,
480170060154,15.0,,208.75,
480170060156,2.0,,,
480170060157,1.0,5.0,,
480170060161,22.0,,,
480170060162,61.42857142857143,,,
480170060163,2.25,,,
480170060164,,,2.0,
480170060165,7.0,4.333333333333333,9.0,
480170060166,,,3.0,
480170060168,7.0,,,
480170060169,,,8.0,
480170060171,7.916666666666667,,,
480170060172,0.0,,,
480170060175,4.5,,1.6666666666666667,
480170060176,1.0,,1.0,
480170060177,,,1.0,
480170060178,123.5,,,
480170060179,,,2.0,
480170060182,3.3,,1.0,
480170060183,,,1.0,
480170060184,5.8,,,
480170060187,1.0,,,
480170060189,64.0,,,
480170060193,5.0,,,
480170060194,2.0,,4.0,
480170060198,1.0,,,
480170060199,1.0,,238.42857142857142,
480170060200,2.0,,,
480170060202,32.0,,,
480170060204,12.705882352941176,,1.0,
480170060206,,,2.0,
480170060208,4.666666666666667,,,
480170060210,1.6666666666666667,,,
480170060212,,,0.0,
480170060214,1.25,,1.0,
480170060216,,,2.5,
480170060217,1.0,,2.0,
480170060218,186.0,6.0,5.0,
480170060219,2.0,,,
480170060221,1.0,,,
480170060222,0.0,,,
480170060225,0.5,,1.0,
480170060227,,0.0,2.0,
480170060228,0.0,,,
480170060229,1.0,,,
480170060230,,0.0,0.0,
480170060233,2.0,,1.0,
480170060234,3.6666666666666665,,2.5,
480170060236,0.5,,,
480170060237,3.1666666666666665,,1.8,
480170060238,1.0,,,
480170060239,6.333333333333333,,3.6666666666666665,
480170060241,28.3,5.0,7.333333333333333,
480170060243,243.0,,,
480170060244,,,3.0,
480170060247,19.0,,,
480170060248,2.6666666666666665,,,
480170060251,1.0,,1.0,
480170060252,1.0,,,
480170060257,,,4.0,
480170060258,0.0,,,
480170060259,2.75,,4.0,
480170060262,1.0,,3.0,
480170060263,1.25,,3.0,
480170060268,42.22222222222222,,1.0,
480170060269,1.3333333333333333,6.0,,
480170060270,1.0,,1.0,
480170060271,1.0,6.0,6.0,
480170060272,,,3.0,
480170060273,3.0,,10.0,
480170060274,0.0,,3.0,
480170060277,1.0,,1.0,
480170060278,6.5,,2.0,
480170060279,70.5,,1.0,
480170060280,3.0,6.0,,
480170060281,,,2.0,
480170060282,1.3333333333333333,,1.75,
480170060283,4.0,,,
480170060284,65.25,,2.0,
480170060286,1.0,,,
480170060287,14.785714285714286,8.666666666666666,3.0,
480170060289,16.565217391304348,20.0,4.333333333333333,
480170060290,2.0,,2.0,
480170060291,9.714285714285714,,1.2,
480170060292,9.2,,1.75,
480170060293,24.140350877192983,27.0,6.375,2.0
480170060294,62.375,,3.0,
480170060296,0.75,,1.0,
480170060299,2.0,,,
480170060300,,,1.0,
480170060301,13.571428571428571,,18.25,
480170060302,0.5,,,
480170060306,1.0,,,
480170060307,1.5,8.0,3.0,
480170060308,5.75,,1.8,
480170060309,15.0,,7.4,
480170060310,3.0,,6.0,
480170060313,13.666666666666666,,5.0,5.0
480170060314,9.0,,1.0,
480170060315,0.0,,2.0,
480170060316,3.0,,,
480170060317,1.8333333333333333,,1.3333333333333333,
480170060318,,,1.0,
480170060320,0.0,,,
480170060323,1.0,,151.0,
480170060324,75.5,,,
480170060328,,,2.0,
480170060329,1.0,,0.5,
480170060332,1.0,,,
480170060333,1.0,,,
480170060335,1.0,,4.0,
480170060336,2.5,,,
480170060337,7.666666666666667,,,
480170060339,6.0,,2.3333333333333335,
480170060340,1.5,4.0,3.3333333333333335,
480170060341,1.0,,3.0,
480170060342,13.0,,,
480170060343,1.4,,4.75,
480170060348,,,1.0,
480170060349,0.0,,2.0,
480170060350,1.0,,,
480170060353,1.6666666666666667,,2.0,
480170060357,3.25,,2.0,
480170060358,1.0,,2.0,
480170060360,2.4545454545454546,,3.0,
480170060361,8.294117647058824,,,
480170060362,22.20689655172414,,1.2857142857142858,
480170060364,1.0,,1.0,
480170060366,38.857142857142854,,,
480170060367,9.9,,6.333333333333333,
480170060368,10.625,,,
480170060369,28.0,,1.0,
480170060370,1.0,,2.0,
480170060371,55.44444444444444,,3.0,
480170060372,1.0,,1.0,
480170060374,47.142857142857146,0.0,,
480170060376,278.0,,,
480170060379,189.0,,5.0,
480170060381,21.755102040816325,,7.333333333333333,
480170060382,9.222222222222221,,2.3333333333333335,
480170060383,7.0,1.0,2.0,
480170060384,3.5,,2.5454545454545454,
480170060385,1.0,,,
480170060388,1.0,,,
480170060389,1.0,,,
480170060390,1.0,,1.3333333333333333,
480170060391,1.0,,1.0,
480170060392,1.0,,1.0,
480170060393,7.8,,3.25,
480170060394,15.142857142857142,,,
480170060395,,,1.0,
480170060397,,,0.5,
480170060402,5.0,,2.0,
480170060403,5.52,,,
480170060406,1.0,,2.0,
480170060407,22.666666666666668,,2.0,
480170060408,10.23076923076923,,2.6666666666666665,
480170060409,11.225806451612904,5.0,2.0,
480170060410,5.428571428571429,,3.25,
480170060412,21.235294117647058,,0.0,
480170060415,0.5,,,
480170060416,80.14285714285714,,,
480170060418,89.0,,2.0,
480170060419,1.0,,16.0,
480170060420,0.5,,1.0,
480170060421,24.48,,,
480170060422,0.5,,,
480170060425,26.685714285714287,,2.0,
480170060428,36.0,,16.0,3.0
480170060430,1.0,,,
480170060431,52.0,,,
480170060432,9.166666666666666,,,
480170060433,32.526315789473685,,1.0,
480170060434,64.0,,16.0,
480170060435,8.5,,1.0,
480170060436,27.64622641509434,0.0,2.357142857142857,
480170060437,12.0,,2.5,
480170060440,1.0,,1.5,
480170060443,2.0,,,
480170060444,23.944444444444443,,8.0,
480170060446,1.3333333333333333,,,
480170060448,9.454545454545455,,2.0,
480170060449,1.3333333333333333,,,
480170060450,11.428571428571429,,1.0,
480170060452,16.5,,,
480170060453,0.0,,,
480170060455,2.0,4.0,1.0,
480170060456,35.76923076923077,,1.0,
480170060458,1.0,,,
480170060459,0.0,,,
480170060460,17.67241379310345,,2.3333333333333335,
480170060461,,,1.0,
480170060464,1.5,,,
480170060465,,,,1.0
480170060466,3.142857142857143,,1.0,
480170060469,0.0,,,
480170060470,1.0,,2.0,
480170060471,0.5,,1.5,
480170060472,6.4,,,
480170060473,8.2,,,
480170060474,28.4,,2.0,
480170060475,45.16129032258065,,1.6666666666666667,
480170060476,6.0,,,
480170060477,10.409090909090908,8.0,0.6666666666666666,
480170060478,2.0,,1.0,
480170060479,10.266666666666667,,0.3333333333333333,
480170060480,40.7,,0.0,
480170060482,41.0,,,
480170060485,1.5,,1.0,
480170060488,1.0,,0.5,
480170060489,56.333333333333336,,,
480170060490,,,1.0,
480170060491,25.444444444444443,,1.0,
480170060492,47.85,,1.0,
480170060493,22.72222222222222,,1.5,
480170060495,,,1.0,
480170060497,,,1.5,
480170060499,38.88235294117647,8.0,1.0,
480170060501,8.0,,,
480170060502,1.0,,,
480170060504,,,2.0,
480170060505,2.0,,0.0,
480170060506,97.5,,1.0,
480170060507,1.0,,2.0,
480170060509,5.72,,0.0,
480170060510,17.148936170212767,,4.0,
480170060512,1.0,,3.5,
480170060513,27.666666666666668,,6.0,
480170060514,2.0,,,
480170060515,1.3333333333333333,,,
480170060516,1.3333333333333333,,,
480170060517,66.66666666666667,,,
480170060518,6.0,,,
480170060521,35.125,,1.5,
480170060522,30.15625,,1.0,
480170060523,64.4,3.0,,
480170060524,23.11764705882353,,,
480170060525,0.5,,,
480170060526,37.25581395348837,1.0,1.4,
480170060527,1.0,,0.0,
480170060528,7.0,,,
480170060529,31.176470588235293,,0.5,
480170060530,1.4,,2.0,
480170060531,1.4,,1.0,
480170060533,6.041666666666667,5.5,5.5,1.0
480170060534,1.0,,3.0,
480170060535,27.88888888888889,,,
480170060536,1.375,,1.0,
480170060538,13.25,,,
480170060539,75.5,,,
480170060540,1.0,,,
480170060541,1.0,,,
480170060542,8.526315789473685,,0.0,
480170060543,1.0,,,
480170060544,2.142857142857143,,,
480170060545,52.214285714285715,,,
480170060546,,,1.0,
480170060547,19.857142857142858,3.0,,
480170060548,3.5,,,
480170060551,19.7,,3.5,
480170060554,37.888888888888886,,,
480170060555,2.0,,0.6666666666666666,
480170060557,20.176470588235293,,4.5,
480170060558,16.0,,,
480170060559,23.671875,27.0,7.4,
480170060560,32.0,,0.6666666666666666,
480170060561,0.75,,0.0,
480170060563,1.7,,,
480170060564,,,2.5,
480170060565,121.30434782608695,,2.0,
480170060566,22.46153846153846,,3.0,
480170060568,243.0,,1.0,
480170060570,123.4,,2.0,
480170060571,31.894736842105264,,,
480170060573,23.166666666666668,,,
480170060574,47.16279069767442,3.0,7.555555555555555,
480170060576,1.0,,1.5,
480170060577,21.11904761904762,,1.0,
480170060578,0.5,,,
480170060580,1.0,,,
480170060581,24.208333333333332,,0.0,
480170060582,1.0,,,
480170060583,34.5,,0.0,
480170060584,61.94736842105263,,,
480170060585,5.666666666666667,,13.0,
480170060586,31.5,5.0,5.0,
480170060588,61.64705882352941,,2.0,
480170060589,75.09677419354838,,3.0,
480170060590,2.6666666666666665,,7.1,
480170060591,25.6,,1.75,
480170060592,38.833333333333336,,6.0,
480170060593,20.181818181818183,,5.0,
480170060594,3.5,,,
480170060595,3.0,,2.0,
480170060597,28.666666666666668,,1.0,
480170060598,1.0,,,
480170060599,24.5,,1.0,
480170060600,,,2.0,
480170060601,11.0,,5.0,
480170060602,1.5,,,
480170060603,9.4,,0.4,
480170060604,121.5,,,
480170060605,34.94444444444444,,7.0,
480170060606,33.06521739130435,27.0,12.88888888888889,
480170060607,27.5,,,
480170060608,6.285714285714286,,1.5,
480170060609,10.583333333333334,,,0.0
480170060612,1.4,,,
480170060613,8.75,,,
480170060614,6.714285714285714,,0.0,
480170060615,139.5,,,
480170060616,1.0,,3.3333333333333335,
480170060617,69.76923076923077,,13.0,
480170060619,8.2,,1.0,
480170060620,1.0,,5.0,
480170060621,54.666666666666664,,,
480170060622,7.761904761904762,,34.833333333333336,
480170060623,28.46153846153846,,24.0,
480170060624,1.0,,1.0,
480170060625,27.2,,2.0,
480170060626,9.181818181818182,,3.0,
480170060628,84.4375,,8.0,
480170060629,59.8125,,10.75,
480170060630,70.45454545454545,,1.0,
480170060631,63.77777777777778,,28.0,
480170060632,28.6,,3.5,
480170060633,1.0,,2.0,
480170060634,2.0,,,
480170060635,1.5,,,
480170060636,21.0,,4.0,
480170060639,5.0,,,
480170060640,4.2,,,
480170060641,21.333333333333332,,,
480170060642,7.444444444444445,,10.0,
480170060643,22.5,,7.0,
480170060644,16.083333333333332,,1.0,
480170060645,11.25,,,
480170060646,5.0,,5.0,
480170060647,5.25,,5.0,
480170060648,7.636363636363637,,40.0,
480170060649,1.5,,3.0,
480170060650,13.75,3.0,1.875,
480170060652,18.866666666666667,,1.5,
480170060653,32.0625,,27.0,
480170060654,17.833333333333332,,1.4,
480170060655,9.2,27.0,28.0,
480170060656,1.0,,,
480170060659,3.2,,1.1666666666666667,
480170060660,17.181818181818183,,2.0,
480170060661,1.0,,,
480170060662,35.55555555555556,,6.0,
480170060663,5.5,,7.0,
480170060664,7.8,,,
480170060665,43.833333333333336,,,
480170060666,12.6,,1.0,
480170060667,4.5,,1.0,
480170060668,16.75,,1.0,
480170060669,13.285714285714286,,9.5,
480170060671,32.68,,4.2,
480170060673,84.66666666666667,,14.166666666666666,
480170060674,31.846153846153847,,2.5,
480170060675,13.666666666666666,,1.0,
480170060676,3.0,,,
480170060677,28.5,,,
480170060678,4.0,,2.0,
480170060681,4.0,,3.0,
480170060682,76.57142857142857,6.0,4.571428571428571,
480170060683,29.933333333333334,,1.5,
480170060684,4.0,,1.0,
480170060685,1.1538461538461537,,32.5,
480170060686,1.0,,2.0,
480170060687,1.75,,1.0,
480170060689,5.333333333333333,,,
480170060690,5.0,,,
480170060691,10.666666666666666,,,
480170060692,9.5,,8.0,
480170060693,52.93333333333333,,3.0,
480170060694,30.1,,4.666666666666667,
480170060695,4.0,,,
480170060699,2.0,,4.0,
480170060700,34.0,,2.0,
480170060701,81.9,1.0,,
480170060702,4.333333333333333,,13.0,
480170060703,18.0,,,
480170060704,69.66666666666667,,,
480170060705,7.0,,6.0,
480170060706,7.0,,,
480170060707,47.4,,15.0,
480170060709,48.3,,,
480170060710,1.0,,2.0,
480170060711,16.90909090909091,,2.0,
480170060712,1.0,,,
480170060713,43.4,,2.5,
480170060714,12.5,,17.0,
480170060715,78.75,,2.2,
480170060717,70.5,,4.0,
480170060718,16.666666666666668,,,
480170060719,2.0,,,
480170060720,0.75,,5.5,
480170060721,9.0,,,
480170060722,2.0,,,
480170060724,8.333333333333334,,,
480170060725,2.4,,,
480170060726,0.0,,,
480170060727,,,0.0,
480170060728,2.0,,,
480170060730,44.857142857142854,,8.0,
480170060731,8.0,,3.8,
480170060732,1.0,,2.5,
480170060733,,,1.0,
480170060734,39.76190476190476,,1.2857142857142858,
480170060735,10.333333333333334,,3.6666666666666665,
480170060738,53.0,,5.0,
480170060740,36.888888888888886,,,
480170060741,24.0,,8.0,
480170060743,3.2857142857142856,,6.0,
480170060746,33.2,,,
480170060747,6.2105263157894735,,1.0,
480170060748,55.625,,,
480170060750,65.0,,3.5,
480170060751,4.0,,,
480170060752,29.428571428571427,,,
480170060753,8.909090909090908,,,
480170060754,23.454545454545453,,20.0,
480170060755,59.06666666666667,,3.0,
480170060756,74.53333333333333,,,
480170060757,30.555555555555557,,3.0,
480170060758,14.363636363636363,,2.0,
480170060759,,,1.5,
480170060760,12.333333333333334,,4.0,1.0
480170060761,0.5,,,
480170060762,4.0,,,
480170060763,12.146341463414634,,5.0,
480170060764,19.666666666666668,,,
480170060765,1.0,,,
480170060766,3.0,,,
480170060767,39.333333333333336,,,
480170060768,3.0,,2.0,
480170060771,3.2222222222222223,,1.5,
480170060772,0.75,,,
480170060774,3.0,,1.0,
480170060775,1.0,,64.0,
480170060777,39.142857142857146,,3.0,
480170060779,9.5,,43.0,
480170060781,7.785714285714286,,3.2,
480170060782,99.17647058823529,17.0,4.0,
480170060783,0.5,,2.0,
480170060784,,,1.0,
480170060785,4.0,7.0,,
480170060787,33.083333333333336,,1.3333333333333333,
480170060789,48.833333333333336,,1.0,
480170060790,16.333333333333332,,1.0,
480170060791,40.333333333333336,,0.6666666666666666,
480170060793,3.75,,,
480170060795,32.0,,,
480170060796,236.0,,,
480170060798,34.95238095238095,,3.3333333333333335,
480170060799,12.23076923076923,,2.75,
480170060800,5.166666666666667,5.0,,
480170060801,2.0,,,
480170060802,1.0,,1.0,
480170060803,211.0,,0.0,
480170060804,25.74418604651163,,2.0,
480170060807,1.0,,,
480170060809,1.25,,,
480170060810,42.666666666666664,9.666666666666666,,
480170060812,7.117647058823529,,7.333333333333333,
480170060815,14.23076923076923,,2.6666666666666665,
480170060816,2.0,17.0,,
480170060817,7.5,,3.0,
480170060818,28.323076923076922,11.0,11.307692307692308,
480170060819,2.0,,5.0,
480170060820,,,5.0,
480170060821,1.0,,,
480170060822,22.90909090909091,,4.0,
480170060823,38.5,,,
480170060824,24.5,,,
480170060825,72.6923076923077,,1.5,
480170060826,2.5,,,
480170060827,5.0,,,
480170060828,0.3333333333333333,,,
480170060829,27.9,,16.0,
480170060830,0.0,,,
480170060831,,,1.0,
480170060833,281.75,10.0,6.0,
480170060835,14.5,,1.5,
480170060836,34.90909090909091,,2.75,
480170060837,2.5,,,
480170060838,10.4375,,5.333333333333333,
480170060839,3.4,5.0,3.3333333333333335,
480170060840,2.75,,,
480170060841,2.0,,4.0,
480170060842,21.586206896551722,,2.0,
480170060843,2.0,,6.2,
480170060844,22.53846153846154,,3.0,
480170060845,4.0,,,
480170060846,43.53333333333333,17.0,2.6666666666666665,
480170060847,12.807692307692308,,3.3333333333333335,
480170060848,56.0,,,
480170060850,,,3.0,
480170060851,39.0,,1.0,
480170060852,3.0,,,
480170060855,35.0,5.0,,
480170060858,11.0,,,
480170060859,1.0,,,
480170060861,38.92857142857143,,2.0,
480170060862,3.0,,,
480170060863,5.0,,,
480170060864,4.625,,2.0,
480170060865,19.0625,,2.5,
480170060866,2.3333333333333335,,2.25,
480170060867,21.6,11.0,40.0,
480170060870,1.0,,,
480170060873,1.0,,2.0,1.0
480170060874,30.363636363636363,,4.333333333333333,
480170060877,44.0,10.0,,
480170060878,1.0,,,
480170060879,59.666666666666664,,10.5,
480170060881,45.666666666666664,,4.0,
480170060883,40.111111111111114,10.0,2.0,
480170060884,7.0,,0.0,
480170060886,2.6,6.0,6.75,
480170060887,3.3333333333333335,,3.5,
480170060888,21.071428571428573,,1.75,
480170060890,2.0,,,
480170060891,,,0.0,
480170060892,,,1.0,
480170060895,30.45,,3.0,
480170060896,1.5,,,
480170060897,23.9,,2.5,
480170060899,1.0,,,
480170060902,4.857142857142857,,1.0,
480170060906,13.333333333333334,10.0,,
480170060907,1.6666666666666667,,0.5,
480170060908,1.0,,10.0,
480170060910,4.0,,3.3333333333333335,
480170060911,3.0,,,
480170060912,,,2.0,
480170060915,1.0,,0.0,
480170060916,18.517241379310345,3.0,14.9375,
480170060917,63.2,,,
480170060918,23.458333333333332,6.0,,
480170060919,19.34285714285714,,1.0,
480170060920,189.0,,1.0,
480170060921,1.0,,2.0,
480170060922,1.0,,,
480170060924,27.0,5.0,2.0,
480170060927,0.0,,,
480170060928,49.6,,,
480170060930,12.5,,3.5,
480170060931,49.8,,2.0,
480170060932,2.0,,1.0,
480170060933,3.5,,,
480170060934,10.227272727272727,,7.0,
480170060935,1.6,,8.0,
480170060936,9.0,,,
480170060937,9.916666666666666,,1.0,
480170060938,3.5,,,
480170060940,2.0,,,
480170060943,15.444444444444445,6.333333333333333,3.8333333333333335,
480170060944,2.0,,1.0,
480170060945,3.0,,4.0,
480170060947,39.148148148148145,,10.333333333333334,
480170060948,80.9090909090909,3.0,,
480170060949,1.0,,3.0,
480170060950,1.0,,1.6666666666666667,
480170060952,1.0,,,
480170060953,0.3333333333333333,,,
480170060954,1.0,,,
480170060955,8.0,,2.0,
480170060957,0.75,,7.25,
480170060958,1.0,,3.0,
480170060960,1.3333333333333333,,,
480170060961,15.407407407407407,,3.0,
480170060963,1.0,,7.0,
480170060964,1.3333333333333333,,,
480170060966,39.77777777777778,,5.333333333333333,
480170060967,1.75,,10.0,
480170060969,18.4,,6.2727272727272725,
480170060971,70.25,,6.25,
480170060973,7.454545454545454,,,
480170060974,2.0,,1.0,
480170060975,,,2.0,
480170060976,64.0,,,
480170060977,1.0,,,
480170060979,,,1.0,2.0
480170060983,0.5,,,
480170060984,5.217391304347826,6.0,9.5,
480170060985,4.666666666666667,,,
480170060986,0.6,,1.6666666666666667,
480170060988,3.0,,,
480170060990,0.0,,,
480170060991,2.0,,,
480170060992,11.0625,,0.8571428571428571,
480170060994,1.0,,6.0,
480170060995,28.35135135135135,6.0,2.8666666666666667,
480170060996,26.333333333333332,,,
480170060998,,,1.0,
480170060999,13.0,,1.0,
480170061000,,,3.0,
480170061001,1.0,,6.0,
480170061002,30.727272727272727,,1.0,
480170061003,16.0,3.0,,
480170061004,20.0,6.0,1.0,
480170061005,23.0,,2.5,
480170061006,,,4.0,
480170061007,1.0,,,
480170061009,2.0,,2.0,
480170061010,19.25,,2.533333333333333,
480170061011,18.354430379746834,11.0,2.8461538461538463,
480170061013,1.0,,,
480170061014,1.75,,,
480170061017,18.612903225806452,,4.2727272727272725,
480170061018,,,1.0,
480170061019,1.0,,,
480170061021,,,4.0,
480170061023,17.25,,,1.0
480170061025,81.6923076923077,6.0,6.769230769230769,
480170061026,7.0,,,
480170061035,2.0,,3.3333333333333335,
480170061036,2.0,,,
480170061037,28.0,,1.0,
480170061039,,,1.0,
480170061040,1.0,,,
480170061043,1.5,,1.0,
480170061044,22.571428571428573,,4.2,
480170061045,18.945205479452056,9.0,2.4444444444444446,
480170061049,1.5,,,
480170061050,42.05882352941177,,2.7777777777777777,
480170061051,1.0,,2.0,
480170061053,11.666666666666666,,20.0,
480170061055,4.363636363636363,,3.0,
480170061057,1.0,,,
480170061058,16.642857142857142,,9.166666666666666,
480170061061,1.0,,,
480170061064,44.130434782608695,3.0,40.0,
480170061065,,,1.0,
480170061066,18.73913043478261,,4.0,
480170061068,81.66666666666667,,2.0,
480170061069,9.208333333333334,,9.0,
480170061070,0.3333333333333333,,3.0,
480170061071,34.48936170212766,9.0,1.4444444444444444,
480170061072,,,0.0,
480170061073,10.127659574468085,6.0,2.8,
480170061075,0.0,,,
480170061076,41.125,,1.5,
480170061077,1.0,,,
480170061078,2.0,,,
480170061079,110.0,,,
480170061081,,,5.0,
480170061082,1.0,,1.0,
480170061086,0.5,,,
480170061087,2.0,,,
480170061089,1.0,,,
480170061090,33.0,,21.5,
480170061091,4.833333333333333,,2.25,
480170061092,3.85,,3.090909090909091,
480170061094,28.725,,3.533333333333333,
480170061095,,,0.0,
480170061099,1.0,,,
480170061100,0.5,,3.0,
480170061104,4.0,,5.0,
480170061106,,,0.0,
480170061109,,,1.0,
480170061110,35.1,,2.25,
480170061111,1.0,,,
480170061112,18.954545454545453,3.0,1.25,
480170061114,0.0,,1.0,
480170061115,25.545454545454547,,2.8,
480170061118,,,1.0,
480170061119,1.0,,2.0,
480170061120,1.0,,2.0,
480170061121,21.75,2.0,9.0,
480170061123,0.6666666666666666,,,
480170061124,,,1.0,
480170061125,1.0,,3.0,
480170061127,1.0,,3.0,
480170061132,13.944444444444445,,2.7142857142857144,
480170061133,1.0,,,
480170061134,,,1.0,
480170061135,13.421052631578947,,20.0,
480170061137,3.5,,4.0,
480170061141,30.2,,0.0,
480170061145,0.0,,3.0,
480170061149,15.31578947368421,1.0,2.2,
480170061150,,,2.0,
480170061153,13.6,,18.0,
480170061157,46.333333333333336,,3.3333333333333335,
480170061160,32.73684210526316,5.0,1.5,
480170061161,1.0,,,
480170061165,3.6666666666666665,,2.75,
480170061169,1.0,,,
480170061170,19.333333333333332,9.0,2.0,
480170061173,1.0,,,
480170061174,1.5,,,
480170061176,5.0,,,
480170061177,23.466666666666665,,1.7619047619047619,3.5
480170061179,,,1.0,
480170061180,7.666666666666667,,,
480170061183,,,2.0,
480170061186,34.45,6.0,9.0,
480170061191,1.0,,,
480170061194,62.1,,3.0526315789473686,0.0
480170061196,1.0,,,
480170061201,3.7857142857142856,,3.5,
480170061203,2.0,,,
480170061206,1.6666666666666667,,,
480170061208,12.0,,,
480170061210,0.0,,,
480170061213,13.0,,,
480170061214,7.5,,,
480170061217,1.0,,3.3333333333333335,
480170061221,17.96875,5.6,4.0,
480170061222,17.833333333333332,,12.0,
480170061223,7.0,,,
480170061224,0.0,,,
480170061226,11.705882352941176,1.0,3.6666666666666665,2.75
480170061232,184.88888888888889,,4.333333333333333,
480170061235,9.0,,3.0,
480170061237,,,1.0,
480170061238,9.5,,,
480170061239,1.0,,,
480170061243,1.0,,,
480170061244,25.047619047619047,0.0,3.0,
480170061245,1.0,,1.0,
480170061247,1.6666666666666667,,,
480170061249,2.0,,,
480170061251,1.0,,2.0,
480170061252,33.69230769230769,,,
480170061257,194.44444444444446,7.5,3.25,5.0
480170061258,3.0,,,
480170061259,638.875,,,
480170061261,55.666666666666664,3.0,2.5,2.0
480170061262,8.0,,3.3333333333333335,
480170061263,24.4375,,3.090909090909091,
480170061266,1.0,,,
480170061268,16.22222222222222,,3.6666666666666665,
480170061270,2.0,,,
480170061271,2.8333333333333335,,1.0,
480170061273,1.0,,,
480170061275,5.0,,2.0,
480170061276,15.772727272727273,,3.25,
480170061277,,,2.0,
480170061278,3.0,,,
480170061279,41.142857142857146,,,
480170061280,11.5,6.0,2.1666666666666665,0.0
480170061283,2.5,,0.3333333333333333,
480170061285,2.5,,4.0,
480170061286,20.789473684210527,,3.5,
480170061288,45.78947368421053,,5.0,0.0
480170061290,1.0,,,
480170061292,0.0,,,
480170061294,13.0,,,
480170061295,1.0,,,
480170061296,388.57142857142856,6.0,1.0,
480170061297,1.0,,1.0,
480170061299,2.0,,0.5,
480170061300,4.0,,4.0,
480170061301,54.4,4.571428571428571,2.933333333333333,
480170061303,8.625,,,
480170061305,37.0,,,
480170061309,84.66666666666667,,,
480170061312,2.0,,,
480170061314,13.0,,,
480170061315,5.111111111111111,,0.3333333333333333,
480170061317,18.192307692307693,27.0,2.25,
480170061318,16.666666666666668,,9.0,
480170061321,26.153846153846153,5.0,4.333333333333333,
480170061325,4.2,,0.3333333333333333,
480170061326,178.6,3.75,3.6666666666666665,
480170061328,2.5,,0.0,
480170061329,1.0,,,
480170061331,1.0,,,
480170061333,1.0,,2.5,
480170061335,5.666666666666667,,7.8,
480170061336,2.5,,0.0,0.0
480170061338,5.25,5.0,0.42857142857142855,
480170061339,,3.0,,
480170061340,1.0,,5.0,
480170061341,21.0,,8.0,
480170061343,73.875,,,
480170061344,,,7.0,
480170061345,34.875,,2.0,
480170061346,43.0,,,
480170061347,6.833333333333333,,,
480170061348,2.8,,3.4,
480170061349,5.222222222222222,,1.0,
480170061350,55.22222222222222,,4.666666666666667,
480170061352,0.3333333333333333,,2.0,
480170061353,94.5,,9.0,
480170061354,,,1.0,
480170061355,1.0,,,
480170061358,2.75,,,
480170061359,0.75,,,
480170061360,1.0,,,
480170061361,61.75,,0.0,
480170061362,,,8.0,
480170061363,278.0,,,
480170061365,1.0,,4.666666666666667,
480170061366,5.923076923076923,,3.3333333333333335,
480170061368,1.0,,,
480170061369,10.0,,2.5,
480170061370,6.0,,2.5,
480170061371,,,4.0,
480170061375,0.0,,0.0,
480170061377,3.6666666666666665,6.0,3.4,
480170061378,1.5,,5.0,
480170061379,0.0,,4.8,
480170061380,3.6666666666666665,,3.6666666666666665,
480170061381,1.0,,,
480170061383,83.0,,,
480170061384,1.0,,1.0,
480170061386,,,8.0,
480170061388,11.0,,5.0,
480170061390,3.090909090909091,,6.333333333333333,
480170061391,9.0,,,
480170061393,2.5555555555555554,,6.0,
480170061394,,,2.0,
480170061395,207.0,6.0,3.8,
480170061396,1.3333333333333333,,8.0,
480170061397,1.0,,8.0,
480170061399,10.0,,,
480170061400,35.6,5.5,0.9166666666666666,
480170061401,2.0,,2.0,
480170061402,1.5,,,
480170061403,1.0,,1.0,
480170061404,2.2,,3.0,
480170061406,,,6.0,
480170061408,6.6,,0.6666666666666666,
480170061410,2.0,,3.5,
480170061411,1.0,,,
480170061412,1.0,,2.0,
480170061414,4.0,6.0,0.5,
480170061415,2.0,,5.25,
480170061416,0.0,,,
480170061418,1.5,8.0,,
480170061419,7.5,,1.0,
480170061420,,,1.0,
480170061422,6.0,,12.0,
480170061423,13.25,,6.333333333333333,
480170061424,27.545454545454547,,3.6,
480170061425,2.25,,0.0,
480170061426,1.0,,28.0,
480170061427,1.0,,2.0,
480170061429,1.0,,1.0,
480170061431,3.5,,3.0,
480170061432,,,15.5,
480170061433,,,4.0,
480170061434,24.0,,10.0,
480170061435,9.333333333333334,,1.5,3.0
480170061436,22.6,,4.714285714285714,
480170061437,1.0,,,
480170061439,2.0,,3.2,
480170061440,3.6,6.0,3.0,
480170061442,,,1.5,
480170061443,12.0,,,
480170061444,19.0,,1.0,
480170061445,8.4,,13.75,
480170061446,1.0,,,
480170061448,4.0,,,
480170061449,10.0,,,
480170061450,12.714285714285714,,2.8333333333333335,
480170061451,5.0,,5.0,
480170061452,,,2.2,
480170061453,1.0,,3.0,
480170061454,,,6.0,
480170061457,1.0,,,
480170061458,,,1.0,
480170061459,64.5,,2.6,
480170061460,,,9.0,
480170061461,,,6.0,
480170061463,4.75,,1.0,
480170061464,278.0,,0.0,
480170061465,1.0,,,
480170061466,1.0,6.0,,
480170061467,,,3.5,
480170061469,145.66666666666666,,1.2857142857142858,
480170061470,2.0,,,
480170061473,0.0,,3.0,
480170061474,2.0,,,
480170061476,3.090909090909091,,1.0,
480170061477,2.0,,1.0,
480170061478,0.6666666666666666,3.0,,
480170061479,6.333333333333333,,6.666666666666667,
480170061480,1.0,,,
480170061481,0.6666666666666666,,1.0,
480170061482,3.0,,1.0,
480170061483,2.0,,,
480170061485,1.0,,7.666666666666667,
480170061487,2.0,,2.5,
480170061488,5.0,,1.0,
480170061489,65.66666666666667,,9.0,
480170061490,1.0,,,
480170061491,2.6666666666666665,,,
480170061492,4.4,,2.0,
480170061493,4.666666666666667,,,
480170061496,17.666666666666668,,6.0,
480170061497,2.0,,1.0,
480170061498,95.0,,,
480170061499,,,2.0,
480170061500,,,6.0,
480170061501,1.0,,1.5,
480170061502,1.0,,3.0,
480170061503,10.0,,8.5,
480170061506,2.0,,,
480170061507,1.5,,,1.0
480170061508,2.0,8.0,,
480170061510,1.0,,1.75,
480170061511,0.5,,,
480170061512,3.0,,,
480170061514,10.0,,2.0,
480170061516,1.0,,,
480170061517,2.0,,,
480170061519,2.0,,,
480170061520,0.6666666666666666,,,
480170061521,1.0,5.0,0.0,1.0
480170061522,,,2.0,
480170061523,1.0,,7.666666666666667,
480170061524,0.0,,,
480170061525,5.0,,,
480170061528,8.0,,,
480170061529,,,2.25,
480170061531,17.428571428571427,,2.0,
480170061535,2.3333333333333335,,,
480170061536,3.8,,6.0,
480170061537,93.33333333333333,,6.0,
480170061539,,,10.0,
480170061540,,,7.0,
480170061541,5.5,,1.0,
480170061542,,,17.0,
480170061544,14.0,,1.75,
480170061545,2.0,,,
480170061546,3.0,,4.0,
480170061547,3.0,,2.75,
480170061548,1.5,,2.0,
480170061549,1.0,6.0,,
480170061551,1.0,,8.0,
480170061552,13.0,,4.0,
480170061553,1.0,,,
480170061554,1.0,,3.0,
480170061556,1.0,17.0,7.666666666666667,
480170061557,243.0,,1.5,
480170061559,122.0,,6.0,
480170061560,3.5,,1.0,
480170061561,,,1.0,
480170061562,,,1.0,
480170061563,58.8,,3.0,
480170061564,1.0,,0.0,
480170061565,1.0,,0.0,
480170061567,1.0,,,
480170061568,1.0,5.0,0.0,
480170061569,,,6.0,
480170061570,0.5,,17.0,
480170061571,3.0,,,
480170061572,2.0,,,
480170061573,10.0,,3.0,
480170061574,7.666666666666667,,2.0,
480170061575,2.0,,4.0,
480170061576,,,0.0,
480170061578,1.5,,,
480170061579,0.0,,0.3333333333333333,
480170061580,1.0,,1.0,
480170061581,1.0,,1.0,
480170061582,0.8,,4.0,
480170061583,243.0,,,
480170061585,3.0,17.0,9.75,
480170061587,2.5,,,
480170061589,6.0,,1.0,
480170061590,,,1.0,
480170061593,76.25,,1.0,
480170061594,,3.0,1.3333333333333333,
480170061596,1.0,,0.5,
480170061597,6.0,4.0,,
480170061598,36.25,,2.5,
480170061599,1.0,,,
480170061600,2.5,,4.0,
480170061601,5.2,,,
480170061602,0.0,,,
480170061604,1.0,,1.0,
480170061605,,,2.0,
480170061606,8.75,,3.5,
480170061607,3.5,,,
480170061608,1.0,,1.0,
480170061609,8.0,,4.0,
480170061612,3.0,,3.0,
480170061613,2.0,4.0,2.1666666666666665,
480170061616,140.71428571428572,,5.666666666666667,
480170061619,,,2.0,
480170061620,0.0,,2.0,
480170061622,4.0,,,
480170061623,6.666666666666667,,1.0,
480170061624,1.3333333333333333,,1.5,
480170061626,243.0,,,
480170061629,31.666666666666668,,1.0,
480170061630,1.5,,,
480170061632,1.0,4.0,1.25,
480170061634,1.0,,3.0,
480170061637,1.0,,,
480170061638,,,5.0,
480170061639,1.5,,,
480170061640,,,2.0,
480170061641,0.3333333333333333,,3.6666666666666665,
480170061643,,,2.0,
480170061645,1.0,,1.6666666666666667,
480170061646,11.6,,2.5,
480170061647,1.0,,1.5,
480170061649,59.4,,1.0,
480170061650,0.0,,,
480170061652,1.0,,,
480170061653,1.0,,,
480170061654,4.0,,,
480170061655,4.0,,2.0,
480170061656,1.0,,,
480170061659,1.0,,0.0,
480170061660,1.0,,,
480170061661,31.75,,1.6666666666666667,
480170061663,14.5,,0.0,
480170061664,5.5,,,
480170061665,1.5,,,
480170061667,1.8,,1.0,
480170061668,1.0,,1.0,
480170061669,2.0,,1.7142857142857142,1.0
480170061670,1.0,,1.25,
480170061672,0.5,,1.1666666666666667,
480170061673,1.0,,2.5,
480170061674,,,4.0,
480170061675,4.0,,,
480170061677,2.0,4.0,,
480170061681,1.0,,4.0,
480170061683,0.0,,,
480170061684,14.166666666666666,,1.0,1.0
480170061685,1.0,,,
480170061686,3.6666666666666665,,,
480170061688,0.0,,1.3333333333333333,
480170061689,,,4.0,
480170061691,1.6666666666666667,,1.0,
480170061692,2.6666666666666665,,,
480170061693,3.5,,1.6,
480170061694,0.6666666666666666,,,
480170061695,1.0,,1.0,
480170061696,1.0,,,
480170061697,3.0,,,
480170061698,1.0,,,
480170061699,4.4,,2.0,
480170061700,1.0,,2.0,
480170061701,6.5,,1.0,
480170061704,,,2.5,
480170061710,2.0,,,
480170061712,4.0,,,
480170061713,1.0,,,
480170061714,1.0,,1.3333333333333333,
480170061715,1.0,,,
480170061716,27.333333333333332,,,
480170061721,2.0,,,
480170061722,1.0,,0.75,
480170061724,,,0.0,
480170061732,1.0,,2.0,
480170061734,2.0,,,
480170061736,377.5,,,
480170061737,2.5,,1.0,4.0
480170061738,2.0,,0.5,4.0
480170061739,21.333333333333332,,2.5,
480170061742,4.75,,2.0,
480170061744,,,2.0,
480170061745,1.0,,,
480170061747,2.0,,,
480170061750,,,2.0,
480170061752,5.0,,,
480170061754,0.0,,,
480170061755,1.0,,0.5,
480170061759,,,4.0,
480170061760,1.0,,,
480170061764,,,2.0,
480170061768,1.0,,3.0,
480170061769,4.0,,,
480170061770,1.0,,,
480170061771,0.0,,1.0,
480170061772,0.0,,,
480170061779,1.0,,,
480170061781,,,1.0,
480170061782,,,2.0,
480170061783,,,2.0,
480170061786,1.0,,,
480170061787,1.0,,,
480170061792,28.0,,1.6666666666666667,
480170061793,1.0,,,
480170061794,5.0,,3.5,
480170061796,1.0,,,
480170061798,4.0,,,
480170061799,3.0,,,
480170061804,1.0,,1.0,
480170061805,1.5,,0.0,
480170061808,1.0,,0.0,
480170061813,55.0,,,
480170061814,1.0,,3.0,
480170061816,2.0,,,
480170061817,3.6,,1.0,
480170061819,1.0,,,
480170061820,7.0,,,
480170061822,1.0,,3.0,
480170061824,2.0,,2.0,
480170061826,1.0,,2.0,
480170061827,1.0,,1.3333333333333333,
480170061831,4.0,,,
480170061832,47.833333333333336,,,
480170061834,0.7142857142857143,,2.0,
480170061838,,,3.0,
480170061840,5.0,,,
480170061844,0.5,,3.0,
480170061848,4.0,,4.0,
480170061850,0.5,,1.0,
480170061853,0.0,,,
480170061856,1.0,,,
480170061858,1.0,,,2.0
480170061862,122.0,,,
480170061863,16.0,,,
480170061866,2.0,,,
480170061867,1.0,,4.0,
480170061869,1.5,,,
480170061870,1.0,,1.0,
480170061873,1.0,,1.0,
480170061877,1.5,,0.0,
480170061878,1.5,,,
480170061879,2.0,,,
480170061880,3.4,,3.25,
480170061881,4.0,,1.0,
480170061884,1.0,,2.0,
480170061885,264.5,,,
480170061886,2.375,,2.2,
480170061888,1.0,,,
480170061890,1.0,,,
480170061894,2.0,,1.0,
480170061895,,,1.0,
480170061896,1.0,,,
480170061897,1.0,,,
480170061898,2.0,,1.0,
480170061900,0.6666666666666666,,2.6666666666666665,
480170061901,2.0,,3.3333333333333335,
480170061902,1.0,,,
480170061904,,,1.0,
480170061905,1.0,,,
480170061906,1.0,,1.0,
480170061910,2.0,,,
480170061911,3.0,,1.6666666666666667,7.0
480170061912,1.2,,2.0,
480170061914,1.0,,,
480170061915,1.5,,2.0,
480170061921,0.5,,,
480170061922,1.25,,0.0,
480170061924,1.5,,7.0,7.0
480170061925,0.0,,,
480170061928,,,0.0,
480170061931,0.5,,3.0,
480170061932,9.5,,3.0,
480170061933,1.3333333333333333,,,
480170061936,5.0,,3.6666666666666665,
480170061937,2.6666666666666665,,8.0,
480170061938,,,2.0,
480170061944,,,1.0,
480170061945,2.0,,1.5,
480170061950,0.0,,,
480170061952,2.0,,,
480170061954,,,4.5,
480170061955,0.0,,1.0,
480170061956,278.0,,,
480170061957,2.0,,,
480170061958,3.5,,3.857142857142857,
480170061959,1.0,,,
480170061961,0.0,,0.0,
480170061963,1.5,,,
480170061965,1.25,1.0,1.0,
480170061966,3.0,,,
480170061967,,,2.0,
480170061968,1.5,,,
480170061969,,,1.0,
480170061974,,,2.0,
480170061978,0.5,,2.0,
480170061979,1.6666666666666667,,4.857142857142857,
480170061983,,,1.0,
480170061984,1.0,,,
480170061985,2.5,,,
480170061986,1.0,,4.0,
480170061987,1.5,,,
480170061988,1.6666666666666667,,1.0,
480170061989,1.0,,,
480170061990,1.0,,,
480170061991,1.0,,,
480170061992,,,1.0,
480170061994,313.8,,2.3333333333333335,
480170061996,1.6666666666666667,,1.0,
480170062004,1.0,,,
480170062006,1.0,,,
480170062007,3.0,,,
480170062008,2.5,,3.0,
480170062012,,,2.6666666666666665,
480170062014,1.0,,,
480170062016,1.0,,,
480170062017,,,0.0,
480170062018,1.0,,,
480170062019,1.0,,,
480170062020,1.75,,1.0,
480170062021,,,4.0,
480170062024,,,4.0,
480170062025,0.6666666666666666,,,
480170062026,1.0,,2.0,
480170062027,,,1.0,
480170062032,1.3333333333333333,,,
480170062035,1.5,,1.5,
480170062036,1.0,,,
480170062040,0.0,,,
480170062041,1.6666666666666667,,,
480170062048,,,,2.0
480170062049,,,1.0,
480170062050,2.0,,2.0,
480170062052,,,4.0,
480170062054,2.0,,1.0,
480170062055,1.3333333333333333,,,
480170062057,,,1.0,
480170062058,1.0,,,
480170062059,1.0,,,
480170062062,3.0,,,
480170062066,,,2.0,
480170062069,2.0,,,
480170062072,1.0,,,
480170062079,5.333333333333333,,,
480170062081,1.0,,,
480170062085,0.0,,,
480170062087,2.0,,,
480170062089,1.0,,,
480170062090,62.25,,,
480170062091,1.0,,,
480170062093,3.0,,,
480170062094,4.0,,4.0,
480170062096,9.0,,,
480170062097,1.2,,,
480170062098,1.0,,,
480170062099,1.0,,,
480170062103,1.0,,,
480170062105,1.0,,,
480170062106,1.0,,,
480170062108,1.0,,,
480170062109,1.0,,,
480170062110,,,1.0,
480170062111,3.0,,,
480170062119,1.0,,,
480170062120,17.0,,1.0,
480170062121,2.0,,,
480170062122,3.0,2.0,,
480170062124,28.0,,,
480170062125,1.5,,,
480170062126,1.3333333333333333,,1.0,
480170062127,3.4285714285714284,,1.4,
480170062131,2.3333333333333335,,,
480170062133,2.0,,,
480170062135,1.0,,,
480170062137,,,1.0,
480170062140,2.0,,,
480170062142,0.0,,,
480170062143,4.0,,,
480170062147,,,2.0,
480170062149,2.0,,,
480170062150,8.0,,2.0,
480170062154,2.8333333333333335,,,
480170062155,,,2.0,
480170062157,,,1.0,
480170062158,2.0,,,
480170062159,7.0,,1.0,
480170062160,,,1.0,
480170062161,1.0,,1.0,
480170062162,,,3.0,
480170062163,1.0,,,
480170062164,1.3333333333333333,,,
480170062167,1.0,,,
480170062169,1.0,,1.0,
480170062177,28.8135593220339,,12.5,
480170062181,0.0,,,
480170062186,1.0,,,
