SEZ2011,AGG_COUNT,bedrooms,E27,E3,listing_building_rate,bedroom_apartments_rate
480170060001,3,12,378,120,2.5,3.1746031746031744
480170060004,2,4,276,80,2.5,1.4492753623188406
480170060005,1,2,14,1,100.0,14.285714285714285
480170060011,4,9,252,144,2.7777777777777777,3.571428571428571
480170060014,1,1,24,9,11.11111111111111,4.166666666666666
480170060031,1,2,97,24,4.166666666666666,2.0618556701030926
480170060033,1,2,118,61,1.639344262295082,1.694915254237288
480170060037,1,1,92,17,5.88235294117647,1.0869565217391304
480170060039,2,2,408,112,1.7857142857142856,0.49019607843137253
480170060044,2,2,18,6,33.33333333333333,11.11111111111111
480170060049,1,2,23,7,14.285714285714285,8.695652173913043
480170060053,1,2,53,16,6.25,3.7735849056603774
480170060058,2,6,248,106,1.8867924528301887,2.4193548387096775
480170060059,13,18,832,286,4.545454545454546,2.1634615384615383
480170060061,4,7,332,92,4.3478260869565215,2.108433734939759
480170060062,2,3,4,4,50.0,75.0
480170060068,1,5,124,58,1.7241379310344827,4.032258064516129
480170060070,6,10,48,24,25.0,20.833333333333336
480170060071,4,10,520,160,2.5,1.9230769230769231
480170060073,1,4,38,18,5.555555555555555,10.526315789473683
480170060074,1,0,24,4,25.0,0.0
480170060079,3,5,420,81,3.7037037037037033,1.1904761904761905
480170060082,4,6,364,72,5.555555555555555,1.6483516483516485
480170060084,1,1,4,3,33.33333333333333,25.0
480170060085,5,5,1225,195,2.564102564102564,0.40816326530612246
480170060086,2,6,192,66,3.0303030303030303,3.125
480170060087,1,2,20,11,9.090909090909092,10.0
480170060093,2,2,288,82,2.4390243902439024,0.6944444444444444
480170060094,4,9,256,88,4.545454545454546,3.515625
480170060095,3,4,69,36,8.333333333333332,5.797101449275362
480170060096,5,6,720,300,1.6666666666666667,0.8333333333333334
480170060098,3,24,39,15,20.0,61.53846153846154
480170060099,7,9,1267,462,1.5151515151515151,0.7103393843725335
480170060100,4,6,260,92,4.3478260869565215,2.307692307692308
480170060102,2,3,84,42,4.761904761904762,3.571428571428571
480170060106,8,9,1584,504,1.5873015873015872,0.5681818181818182
480170060110,2,3,204,80,2.5,1.4705882352941175
480170060115,5,11,345,160,3.125,3.1884057971014492
480170060118,1,3,121,41,2.4390243902439024,2.479338842975207
480170060122,1,1,3,2,50.0,33.33333333333333
480170060123,5,11,290,135,3.7037037037037033,3.793103448275862
480170060124,3,5,972,240,1.25,0.51440329218107
480170060126,1,2,80,15,6.666666666666667,2.5
480170060127,4,4,1940,332,1.2048192771084338,0.2061855670103093
480170060128,1,2,16,7,14.285714285714285,12.5
480170060132,4,7,124,92,4.3478260869565215,5.64516129032258
480170060133,1,1,48,7,14.285714285714285,2.083333333333333
480170060134,2,2,62,36,5.555555555555555,3.225806451612903
480170060137,1,1,5,4,25.0,20.0
480170060139,1,1,132,16,6.25,0.7575757575757576
480170060140,11,13,1793,880,1.25,0.7250418293363079
480170060142,10,13,750,360,2.7777777777777777,1.7333333333333332
480170060144,1,1,46,5,20.0,2.1739130434782608
480170060150,2,3,186,6,33.33333333333333,1.6129032258064515
480170060151,1,1,59,1,100.0,1.694915254237288
480170060152,23,36,4324,1127,2.0408163265306123,0.8325624421831638
480170060153,3,5,120,21,14.285714285714285,4.166666666666666
480170060154,5,5,260,120,4.166666666666666,1.9230769230769231
480170060156,1,1,17,9,11.11111111111111,5.88235294117647
480170060157,2,3,138,42,4.761904761904762,2.1739130434782608
480170060161,3,5,294,204,1.4705882352941175,1.7006802721088436
480170060162,7,26,3115,644,1.0869565217391304,0.8346709470304976
480170060163,4,8,136,32,12.5,5.88235294117647
480170060164,1,1,113,5,20.0,0.8849557522123894
480170060165,8,11,696,360,2.2222222222222223,1.5804597701149428
480170060166,1,2,79,4,25.0,2.5316455696202533
480170060168,1,5,0,0,n/a,n/a
480170060169,1,1,2,1,100.0,50.0
480170060171,12,14,912,252,4.761904761904762,1.5350877192982455
480170060172,1,1,108,5,20.0,0.9259259259259258
480170060175,5,6,1195,80,6.25,0.502092050209205
480170060176,4,4,308,96,4.166666666666666,1.2987012987012987
480170060177,1,1,61,6,16.666666666666664,1.639344262295082
480170060178,2,3,38,10,20.0,7.894736842105263
480170060179,1,1,121,4,25.0,0.8264462809917356
480170060182,12,16,1680,264,4.545454545454546,0.9523809523809524
480170060183,1,1,30,14,7.142857142857142,3.3333333333333335
480170060184,5,10,75,40,12.5,13.333333333333334
480170060187,1,3,157,9,11.11111111111111,1.910828025477707
480170060189,4,6,492,132,3.0303030303030303,1.2195121951219512
480170060193,2,4,62,44,4.545454545454546,6.451612903225806
480170060194,2,2,242,56,3.571428571428571,0.8264462809917356
480170060198,1,4,32,15,6.666666666666667,12.5
480170060199,9,11,1206,279,3.225806451612903,0.9121061359867331
480170060200,1,1,9,1,100.0,11.11111111111111
480170060202,1,1,24,6,16.666666666666664,4.166666666666666
480170060204,19,30,3857,1254,1.5151515151515151,0.77780658542909
480170060206,1,1,146,21,4.761904761904762,0.684931506849315
480170060208,3,8,138,51,5.88235294117647,5.797101449275362
480170060210,3,6,642,96,3.125,0.9345794392523363
480170060212,1,1,124,13,7.6923076923076925,0.8064516129032258
480170060214,6,10,780,168,3.571428571428571,1.282051282051282
480170060216,2,2,302,44,4.545454545454546,0.6622516556291391
480170060217,2,2,364,76,2.631578947368421,0.5494505494505495
480170060218,6,20,456,186,3.225806451612903,4.385964912280701
480170060219,1,1,265,30,3.3333333333333335,0.37735849056603776
480170060221,2,5,110,54,3.7037037037037033,4.545454545454546
480170060222,1,1,13,11,9.090909090909092,7.6923076923076925
480170060225,4,5,672,100,4.0,0.744047619047619
480170060227,2,2,48,34,5.88235294117647,4.166666666666666
480170060228,1,1,43,8,12.5,2.3255813953488373
480170060229,1,1,5,3,33.33333333333333,20.0
480170060230,3,3,123,60,5.0,2.4390243902439024
480170060233,3,3,342,105,2.857142857142857,0.8771929824561403
480170060234,8,9,1344,536,1.4925373134328357,0.6696428571428571
480170060236,2,3,202,66,3.0303030303030303,1.4851485148514851
480170060237,11,15,2794,891,1.2345679012345678,0.5368647100930566
480170060238,1,1,0,0,n/a,n/a
480170060239,6,8,252,126,4.761904761904762,3.1746031746031744
480170060241,16,22,1984,704,2.272727272727273,1.1088709677419355
480170060243,1,2,174,12,8.333333333333332,1.1494252873563218
480170060244,2,2,116,40,5.0,1.7241379310344827
480170060247,1,3,11,1,100.0,27.27272727272727
480170060248,3,4,201,81,3.7037037037037033,1.9900497512437811
480170060251,3,6,270,147,2.0408163265306123,2.2222222222222223
480170060252,1,1,323,31,3.225806451612903,0.30959752321981426
480170060257,2,2,302,98,2.0408163265306123,0.6622516556291391
480170060258,1,1,23,8,12.5,4.3478260869565215
480170060259,5,10,400,95,5.263157894736842,2.5
480170060262,3,5,336,69,4.3478260869565215,1.488095238095238
480170060263,5,10,625,130,3.8461538461538463,1.6
480170060268,10,15,1490,690,1.4492753623188406,1.006711409395973
480170060269,4,7,160,40,10.0,4.375
480170060270,2,3,278,74,2.7027027027027026,1.079136690647482
480170060271,4,6,372,100,4.0,1.6129032258064515
480170060272,2,2,282,40,5.0,0.7092198581560284
480170060273,8,7,248,72,11.11111111111111,2.82258064516129
480170060274,2,3,318,46,4.3478260869565215,0.9433962264150944
480170060277,2,3,190,74,2.7027027027027026,1.5789473684210527
480170060278,3,1,339,60,5.0,0.2949852507374631
480170060279,6,10,396,54,11.11111111111111,2.525252525252525
480170060280,2,2,280,24,8.333333333333332,0.7142857142857143
480170060281,1,1,138,18,5.555555555555555,0.7246376811594203
480170060282,10,15,2230,330,3.0303030303030303,0.672645739910314
480170060283,1,1,2,1,100.0,50.0
480170060284,6,8,672,78,7.6923076923076925,1.1904761904761905
480170060286,1,2,194,11,9.090909090909092,1.0309278350515463
480170060287,46,63,3312,736,6.25,1.9021739130434785
480170060289,30,36,5460,990,3.0303030303030303,0.6593406593406593
480170060290,2,2,50,14,14.285714285714285,4.0
480170060291,19,32,627,171,11.11111111111111,5.103668261562999
480170060292,29,41,2900,696,4.166666666666666,1.4137931034482758
480170060293,67,104,9581,1474,4.545454545454546,1.0854816824966078
480170060294,10,11,2930,350,2.857142857142857,0.37542662116040953
480170060296,5,9,665,205,2.4390243902439024,1.3533834586466165
480170060299,2,3,64,14,14.285714285714285,4.6875
480170060300,2,2,274,16,12.5,0.7299270072992701
480170060301,11,13,11,11,100.0,n/a
480170060302,2,2,332,20,10.0,0.6024096385542169
480170060306,1,1,157,29,3.4482758620689653,0.6369426751592357
480170060307,4,4,24,8,50.0,16.666666666666664
480170060308,17,22,4726,1037,1.639344262295082,0.46550994498518833
480170060309,8,9,3064,520,1.5384615384615385,0.29373368146214096
480170060310,6,10,1224,96,6.25,0.8169934640522877
480170060313,5,7,910,145,3.4482758620689653,0.7692307692307693
480170060314,3,3,495,63,4.761904761904762,0.6060606060606061
480170060315,2,2,250,46,4.3478260869565215,0.8
480170060316,1,0,30,9,11.11111111111111,0.0
480170060317,9,12,1116,108,8.333333333333332,1.0752688172043012
480170060318,1,1,46,9,11.11111111111111,2.1739130434782608
480170060320,1,2,54,25,4.0,3.7037037037037033
480170060323,2,9,50,22,9.090909090909092,18.0
480170060324,2,14,120,46,4.3478260869565215,11.666666666666666
480170060328,2,2,494,104,1.9230769230769231,0.4048582995951417
480170060329,3,3,453,183,1.639344262295082,0.6622516556291391
480170060332,1,2,108,35,2.857142857142857,1.8518518518518516
480170060333,1,1,59,6,16.666666666666664,1.694915254237288
480170060335,2,2,148,60,3.3333333333333335,1.3513513513513513
480170060336,2,3,350,96,2.083333333333333,0.8571428571428572
480170060337,6,12,42,42,14.285714285714285,28.57142857142857
480170060339,12,16,924,324,3.7037037037037033,1.7316017316017316
480170060340,7,8,378,168,4.166666666666666,2.1164021164021163
480170060341,4,7,36,36,11.11111111111111,19.444444444444446
480170060342,2,3,186,64,3.125,1.6129032258064515
480170060343,9,10,2304,774,1.1627906976744187,0.4340277777777778
480170060348,1,1,538,50,2.0,0.18587360594795538
480170060349,2,2,600,132,1.5151515151515151,0.33333333333333337
480170060350,1,1,19,7,14.285714285714285,5.263157894736842
480170060353,4,5,8,8,50.0,62.5
480170060357,9,9,1071,225,4.0,0.8403361344537815
480170060358,2,3,168,28,7.142857142857142,1.7857142857142856
480170060360,12,17,612,84,14.285714285714285,2.7777777777777777
480170060361,17,29,2686,714,2.380952380952381,1.0796723752792257
480170060362,36,49,3564,576,6.25,1.3748597081930416
480170060364,2,2,250,6,33.33333333333333,0.8
480170060366,7,11,364,91,7.6923076923076925,3.021978021978022
480170060367,13,18,1144,273,4.761904761904762,1.5734265734265735
480170060368,8,12,624,248,3.225806451612903,1.9230769230769231
480170060369,13,18,1781,286,4.545454545454546,1.0106681639528354
480170060370,2,3,62,14,14.285714285714285,4.838709677419355
480170060371,11,18,264,88,12.5,6.8181818181818175
480170060372,2,3,236,72,2.7777777777777777,1.2711864406779663
480170060374,15,19,1170,135,11.11111111111111,1.6239316239316242
480170060376,1,2,19,6,16.666666666666664,10.526315789473683
480170060379,2,2,264,72,2.7777777777777777,0.7575757575757576
480170060381,52,71,8840,1872,2.7777777777777777,0.8031674208144796
480170060382,12,17,936,180,6.666666666666667,1.8162393162393164
480170060383,9,14,486,81,11.11111111111111,2.880658436213992
480170060384,17,35,2023,867,1.9607843137254901,1.7301038062283738
480170060385,1,1,11,5,20.0,9.090909090909092
480170060388,1,0,60,14,7.142857142857142,0.0
480170060389,1,2,68,6,16.666666666666664,2.941176470588235
480170060390,6,5,594,108,5.555555555555555,0.8417508417508417
480170060391,2,2,438,40,5.0,0.45662100456621
480170060392,2,2,220,6,33.33333333333333,0.9090909090909091
480170060393,24,35,5784,1416,1.694915254237288,0.6051175656984786
480170060394,7,9,371,77,9.090909090909092,2.4258760107816713
480170060395,1,1,31,7,14.285714285714285,3.225806451612903
480170060397,2,2,108,10,20.0,1.8518518518518516
480170060402,7,12,329,126,5.555555555555555,3.64741641337386
480170060403,25,56,2050,375,6.666666666666667,2.731707317073171
480170060406,5,5,1395,210,2.380952380952381,0.35842293906810035
480170060407,4,6,204,36,11.11111111111111,2.941176470588235
480170060408,16,20,2288,352,4.545454545454546,0.8741258741258742
480170060409,45,63,6435,1305,3.4482758620689653,0.9790209790209791
480170060410,11,12,737,110,10.0,1.6282225237449117
480170060412,19,29,1881,304,6.25,1.541733120680489
480170060415,2,2,254,36,5.555555555555555,0.7874015748031495
480170060416,7,12,168,28,25.0,7.142857142857142
480170060418,5,8,375,90,5.555555555555555,2.1333333333333333
480170060419,5,11,35,5,100.0,31.428571428571427
480170060420,3,3,231,12,25.0,1.2987012987012987
480170060421,25,33,875,300,8.333333333333332,3.7714285714285714
480170060422,2,4,12,2,100.0,33.33333333333333
480170060425,36,42,6012,1440,2.5,0.6986027944111777
480170060428,4,14,56,4,100.0,25.0
480170060430,1,3,31,10,10.0,9.67741935483871
480170060431,14,23,1848,210,6.666666666666667,1.2445887445887447
480170060432,6,11,276,30,20.0,3.985507246376811
480170060433,21,45,2625,399,5.263157894736842,1.7142857142857144
480170060434,9,42,117,9,100.0,35.8974358974359
480170060435,29,40,6322,1276,2.272727272727273,0.6327111673521038
480170060436,227,335,152090,38136,0.5952380952380952,0.22026431718061676
480170060437,9,15,288,90,10.0,5.208333333333334
480170060440,4,5,504,56,7.142857142857142,0.992063492063492
480170060443,1,3,81,20,5.0,3.7037037037037033
480170060444,19,32,1064,190,10.0,3.007518796992481
480170060446,3,5,561,51,5.88235294117647,0.8912655971479502
480170060448,34,46,3638,442,7.6923076923076925,1.2644310060472788
480170060449,3,6,582,45,6.666666666666667,1.0309278350515463
480170060450,15,22,945,120,12.5,2.328042328042328
480170060452,4,7,28,12,33.33333333333333,25.0
480170060453,1,1,149,11,9.090909090909092,0.6711409395973155
480170060455,7,10,2338,147,4.761904761904762,0.42771599657827203
480170060456,14,31,476,84,16.666666666666664,6.512605042016808
480170060458,1,1,11,6,16.666666666666664,9.090909090909092
480170060459,1,1,171,10,10.0,0.5847953216374269
480170060460,64,88,15296,3200,2.0,0.5753138075313807
480170060461,1,1,132,18,5.555555555555555,0.7575757575757576
480170060464,2,1,338,28,7.142857142857142,0.2958579881656805
480170060465,1,1,6,3,33.33333333333333,16.666666666666664
480170060466,9,14,990,216,4.166666666666666,1.4141414141414141
480170060469,1,1,148,10,10.0,0.6756756756756757
480170060470,2,3,382,72,2.7777777777777777,0.7853403141361256
480170060471,4,4,384,28,14.285714285714285,1.0416666666666665
480170060472,10,16,80,30,33.33333333333333,20.0
480170060473,5,3,985,65,7.6923076923076925,0.3045685279187817
480170060474,11,14,1309,396,2.7777777777777777,1.06951871657754
480170060475,34,57,1666,68,50.0,3.4213685474189672
480170060476,2,2,0,0,n/a,n/a
480170060477,27,51,2565,486,5.555555555555555,1.9883040935672516
480170060478,2,3,172,24,8.333333333333332,1.744186046511628
480170060479,18,28,0,0,n/a,n/a
480170060480,21,26,1449,294,7.142857142857142,1.7943409247757072
480170060482,2,5,34,10,20.0,14.705882352941178
480170060485,3,5,201,63,4.761904761904762,2.4875621890547266
480170060488,3,3,513,93,3.225806451612903,0.5847953216374269
480170060489,6,10,300,84,7.142857142857142,3.3333333333333335
480170060490,1,1,55,3,33.33333333333333,1.8181818181818181
480170060491,11,18,407,121,9.090909090909092,4.422604422604422
480170060492,22,36,1540,286,7.6923076923076925,2.3376623376623376
480170060493,20,23,860,60,33.33333333333333,2.6744186046511627
480170060495,1,1,151,34,2.941176470588235,0.6622516556291391
480170060497,2,2,128,68,2.941176470588235,1.5625
480170060499,19,29,1729,399,4.761904761904762,1.67727009832273
480170060501,5,7,105,35,14.285714285714285,6.666666666666667
480170060502,1,1,69,15,6.666666666666667,1.4492753623188406
480170060504,1,0,193,33,3.0303030303030303,0.0
480170060505,3,3,252,27,11.11111111111111,1.1904761904761905
480170060506,9,12,468,81,11.11111111111111,2.564102564102564
480170060507,2,2,184,30,6.666666666666667,1.0869565217391304
480170060509,26,40,1794,208,12.5,2.229654403567447
480170060510,49,65,18032,3136,1.5625,0.3604702750665484
480170060512,4,4,456,236,1.694915254237288,0.8771929824561403
480170060513,13,21,845,182,7.142857142857142,2.485207100591716
480170060514,1,2,51,17,5.88235294117647,3.9215686274509802
480170060515,3,3,450,87,3.4482758620689653,0.6666666666666667
480170060516,3,4,648,60,5.0,0.6172839506172839
480170060517,3,4,33,3,100.0,12.121212121212121
480170060518,1,2,10,3,33.33333333333333,20.0
480170060521,10,14,640,120,8.333333333333332,2.1875
480170060522,34,41,8602,1870,1.8181818181818181,0.47663334108346894
480170060523,6,9,342,66,9.090909090909092,2.631578947368421
480170060524,17,20,289,68,25.0,6.920415224913495
480170060525,2,5,262,20,10.0,1.9083969465648856
480170060526,54,83,7128,1404,3.8461538461538463,1.1644219977553312
480170060527,2,4,188,24,8.333333333333332,2.127659574468085
480170060528,1,2,116,41,2.4390243902439024,1.7241379310344827
480170060529,19,38,57,19,100.0,66.66666666666666
480170060530,7,13,1113,63,11.11111111111111,1.1680143755615455
480170060531,6,10,1710,90,6.666666666666667,0.5847953216374269
480170060533,29,42,1740,203,14.285714285714285,2.413793103448276
480170060534,3,5,387,45,6.666666666666667,1.2919896640826873
480170060535,9,11,225,90,10.0,4.888888888888889
480170060536,9,11,2502,360,2.5,0.4396482813749001
480170060538,8,13,184,24,33.33333333333333,7.065217391304348
480170060539,4,7,128,20,20.0,5.46875
480170060540,1,0,116,9,11.11111111111111,0.0
480170060541,1,1,106,19,5.263157894736842,0.9433962264150944
480170060542,20,34,2100,280,7.142857142857142,1.6190476190476188
480170060543,1,1,162,70,1.4285714285714286,0.6172839506172839
480170060544,7,8,14,14,50.0,57.14285714285714
480170060545,14,27,518,56,25.0,5.212355212355212
480170060546,1,1,181,24,4.166666666666666,0.5524861878453038
480170060547,15,29,795,135,11.11111111111111,3.647798742138365
480170060548,2,4,20,6,33.33333333333333,20.0
480170060551,22,38,2068,374,5.88235294117647,1.83752417794971
480170060554,9,16,117,27,33.33333333333333,13.675213675213676
480170060555,4,5,528,92,4.3478260869565215,0.946969696969697
480170060557,19,27,2204,646,2.941176470588235,1.2250453720508168
480170060558,8,13,504,128,6.25,2.579365079365079
480170060559,70,111,1890,280,25.0,5.873015873015873
480170060560,14,19,812,126,11.11111111111111,2.3399014778325125
480170060561,5,9,795,180,2.7777777777777777,1.1320754716981132
480170060563,10,13,1300,360,2.7777777777777777,1.0
480170060564,2,2,110,26,7.6923076923076925,1.8181818181818181
480170060565,24,37,3048,552,4.3478260869565215,1.2139107611548556
480170060566,15,29,675,75,20.0,4.296296296296296
480170060568,2,3,202,22,9.090909090909092,1.4851485148514851
480170060570,16,24,464,128,12.5,5.172413793103448
480170060571,19,31,494,133,14.285714285714285,6.275303643724696
480170060573,12,18,744,168,7.142857142857142,2.4193548387096775
480170060574,53,81,1696,742,7.142857142857142,4.775943396226415
480170060576,7,12,1260,245,2.857142857142857,0.9523809523809524
480170060577,43,89,3483,860,5.0,2.555268446741315
480170060578,2,3,474,48,4.166666666666666,0.6329113924050633
480170060580,2,3,484,94,2.127659574468085,0.6198347107438017
480170060581,25,48,1200,325,7.6923076923076925,4.0
480170060582,3,4,423,84,3.571428571428571,0.9456264775413712
480170060583,9,18,684,99,9.090909090909092,2.631578947368421
480170060584,19,26,1615,133,14.285714285714285,1.609907120743034
480170060585,4,6,232,32,12.5,2.586206896551724
480170060586,14,21,294,98,14.285714285714285,7.142857142857142
480170060588,19,27,1900,418,4.545454545454546,1.4210526315789473
480170060589,32,64,3680,640,5.0,1.7391304347826086
480170060590,13,15,1352,247,5.263157894736842,1.1094674556213018
480170060591,14,19,14,14,100.0,n/a
480170060592,8,11,1080,144,5.555555555555555,1.0185185185185186
480170060593,26,39,6552,1092,2.380952380952381,0.5952380952380952
480170060594,2,5,592,42,4.761904761904762,0.8445945945945946
480170060595,11,20,649,88,12.5,3.0816640986132513
480170060597,19,32,0,0,n/a,n/a
480170060598,1,2,154,36,2.7777777777777777,1.2987012987012987
480170060599,23,37,1656,483,4.761904761904762,2.2342995169082123
480170060600,1,1,82,19,5.263157894736842,1.2195121951219512
480170060601,6,8,60,30,20.0,13.333333333333334
480170060602,2,2,228,48,4.166666666666666,0.8771929824561403
480170060603,20,30,1240,260,7.6923076923076925,2.4193548387096775
480170060604,2,2,0,0,n/a,n/a
480170060605,20,31,920,120,16.666666666666664,3.369565217391304
480170060606,56,73,8792,1288,4.3478260869565215,0.8303002729754322
480170060607,8,12,24,8,100.0,50.0
480170060608,16,29,816,112,14.285714285714285,3.553921568627451
480170060609,13,23,143,65,20.0,16.083916083916083
480170060612,5,8,135,30,16.666666666666664,5.9259259259259265
480170060613,4,6,104,20,20.0,5.769230769230769
480170060614,15,19,2310,495,3.0303030303030303,0.8225108225108225
480170060615,2,4,324,52,3.8461538461538463,1.2345679012345678
480170060616,4,4,756,148,2.7027027027027026,0.5291005291005291
480170060617,14,24,658,168,8.333333333333332,3.64741641337386
480170060619,17,24,68,17,100.0,35.294117647058826
480170060620,3,5,378,96,3.125,1.3227513227513228
480170060621,6,18,66,6,100.0,27.27272727272727
480170060622,27,37,1782,459,5.88235294117647,2.0763187429854097
480170060623,14,17,714,126,11.11111111111111,2.380952380952381
480170060624,2,2,282,30,6.666666666666667,0.7092198581560284
480170060625,11,11,429,88,12.5,2.564102564102564
480170060626,25,42,3725,850,2.941176470588235,1.1275167785234899
480170060628,20,27,2160,220,9.090909090909092,1.25
480170060629,20,24,900,200,10.0,2.666666666666667
480170060630,12,16,288,36,33.33333333333333,5.555555555555555
480170060631,10,12,680,140,7.142857142857142,1.7647058823529411
480170060632,12,14,1416,396,3.0303030303030303,0.9887005649717515
480170060633,2,2,64,10,20.0,3.125
480170060634,2,3,464,64,3.125,0.646551724137931
480170060635,2,5,164,32,6.25,3.048780487804878
480170060636,4,9,44,8,50.0,20.454545454545457
480170060639,4,5,0,0,n/a,n/a
480170060640,5,5,150,25,20.0,3.3333333333333335
480170060641,12,23,1008,60,20.0,2.2817460317460316
480170060642,31,52,1581,248,12.5,3.289057558507274
480170060643,22,27,594,88,25.0,4.545454545454546
480170060644,13,24,260,91,14.285714285714285,9.230769230769232
480170060645,4,6,124,44,9.090909090909092,4.838709677419355
480170060646,3,5,954,225,1.3333333333333335,0.5241090146750524
480170060647,6,6,90,24,25.0,6.666666666666667
480170060648,13,18,858,169,7.6923076923076925,2.097902097902098
480170060649,5,6,775,125,4.0,0.7741935483870968
480170060650,33,50,2541,363,9.090909090909092,1.967729240456513
480170060652,17,29,2771,561,3.0303030303030303,1.0465535907614578
480170060653,19,33,950,190,10.0,3.4736842105263155
480170060654,17,24,1785,493,3.4482758620689653,1.3445378151260505
480170060655,13,19,650,143,9.090909090909092,2.923076923076923
480170060656,1,2,92,19,5.263157894736842,2.1739130434782608
480170060659,11,13,2035,385,2.857142857142857,0.6388206388206389
480170060660,12,23,60,12,100.0,38.333333333333336
480170060661,1,0,78,11,9.090909090909092,0.0
480170060662,11,18,187,22,50.0,9.62566844919786
480170060663,5,7,5,5,100.0,n/a
480170060664,5,8,100,25,20.0,8.0
480170060665,6,10,156,24,25.0,6.41025641025641
480170060666,6,9,192,30,20.0,4.6875
480170060667,9,13,1026,207,4.3478260869565215,1.267056530214425
480170060668,11,16,594,88,12.5,2.6936026936026933
480170060669,9,13,162,45,20.0,8.024691358024691
480170060671,30,40,3540,630,4.761904761904762,1.1299435028248588
480170060673,15,25,2835,525,2.857142857142857,0.8818342151675485
480170060674,15,21,1740,300,5.0,1.206896551724138
480170060675,4,4,28,4,100.0,14.285714285714285
480170060676,1,6,5,4,25.0,n/a
480170060677,2,2,28,2,100.0,7.142857142857142
480170060678,2,2,368,76,2.631578947368421,0.5434782608695652
480170060681,2,2,4,2,100.0,50.0
480170060682,29,38,1653,261,11.11111111111111,2.2988505747126435
480170060683,17,23,527,187,9.090909090909092,4.364326375711575
480170060684,2,4,126,30,6.666666666666667,3.1746031746031744
480170060685,15,19,3000,525,2.857142857142857,0.6333333333333333
480170060686,4,5,4,4,100.0,n/a
480170060687,6,7,2004,144,4.166666666666666,0.34930139720558884
480170060689,3,7,0,0,n/a,n/a
480170060690,2,2,0,0,n/a,n/a
480170060691,3,4,0,0,n/a,n/a
480170060692,4,8,196,40,10.0,4.081632653061225
480170060693,16,28,544,144,11.11111111111111,5.147058823529411
480170060694,13,20,1352,299,4.3478260869565215,1.4792899408284024
480170060695,2,2,4,2,100.0,50.0
480170060699,3,1,207,27,11.11111111111111,0.4830917874396135
480170060700,18,32,234,36,50.0,13.675213675213676
480170060701,11,25,187,22,50.0,13.368983957219251
480170060702,8,13,248,48,16.666666666666664,5.241935483870968
480170060703,6,11,84,18,33.33333333333333,13.095238095238097
480170060704,3,4,93,15,20.0,4.301075268817205
480170060705,8,10,0,0,n/a,n/a
480170060706,11,15,495,99,11.11111111111111,3.0303030303030303
480170060707,11,16,330,66,16.666666666666664,4.848484848484849
480170060709,10,13,120,40,25.0,10.833333333333334
480170060710,8,8,1400,168,4.761904761904762,0.5714285714285714
480170060711,20,27,780,60,33.33333333333333,3.4615384615384617
480170060712,1,0,8,3,33.33333333333333,0.0
480170060713,12,15,108,36,33.33333333333333,13.88888888888889
480170060714,3,5,48,9,33.33333333333333,10.416666666666668
480170060715,13,16,728,130,10.0,2.197802197802198
480170060717,6,5,534,156,3.8461538461538463,0.9363295880149813
480170060718,3,5,93,6,50.0,5.376344086021505
480170060719,2,2,472,104,1.9230769230769231,0.423728813559322
480170060720,6,8,6,6,100.0,n/a
480170060721,9,14,0,0,n/a,n/a
480170060722,1,1,83,16,6.25,1.2048192771084338
480170060724,6,14,0,0,n/a,n/a
480170060725,5,8,30,5,100.0,26.666666666666668
480170060726,1,2,73,17,5.88235294117647,2.73972602739726
480170060727,1,1,43,7,14.285714285714285,2.3255813953488373
480170060728,1,0,0,0,n/a,n/a
480170060730,9,11,351,117,7.6923076923076925,3.133903133903134
480170060731,12,19,1896,456,2.631578947368421,1.0021097046413503
480170060732,4,5,316,28,14.285714285714285,1.5822784810126582
480170060733,1,1,2,1,100.0,50.0
480170060734,28,43,3304,588,4.761904761904762,1.301452784503632
480170060735,12,15,708,108,11.11111111111111,2.11864406779661
480170060738,5,7,50,5,100.0,14.000000000000002
480170060740,9,19,585,72,12.5,3.2478632478632483
480170060741,9,12,306,18,50.0,3.9215686274509802
480170060743,8,13,176,16,50.0,7.386363636363637
480170060746,15,22,705,165,9.090909090909092,3.120567375886525
480170060747,22,37,2024,308,7.142857142857142,1.8280632411067192
480170060748,8,18,312,72,11.11111111111111,5.769230769230769
480170060750,9,15,261,36,25.0,5.747126436781609
480170060751,2,4,0,0,n/a,n/a
480170060752,7,7,140,14,50.0,5.0
480170060753,11,14,143,55,20.0,9.79020979020979
480170060754,22,30,1342,264,8.333333333333332,2.235469448584203
480170060755,16,33,1280,288,5.555555555555555,2.578125
480170060756,15,21,1560,240,6.25,1.3461538461538463
480170060757,10,16,270,30,33.33333333333333,5.9259259259259265
480170060758,12,17,0,0,n/a,n/a
480170060759,2,2,36,2,100.0,5.555555555555555
480170060760,13,24,1378,195,6.666666666666667,1.741654571843251
480170060761,6,9,0,0,n/a,n/a
480170060762,2,2,66,14,14.285714285714285,3.0303030303030303
480170060763,45,61,10620,2205,2.0408163265306123,0.5743879472693032
480170060764,3,3,183,45,6.666666666666667,1.639344262295082
480170060765,1,1,14,1,100.0,7.142857142857142
480170060766,2,2,282,18,11.11111111111111,0.7092198581560284
480170060767,6,7,324,54,11.11111111111111,2.1604938271604937
480170060768,8,12,5136,784,1.0204081632653061,0.23364485981308408
480170060771,11,15,462,99,11.11111111111111,3.2467532467532463
480170060772,4,5,1776,184,2.1739130434782608,0.28153153153153154
480170060774,2,3,130,34,5.88235294117647,2.307692307692308
480170060775,2,2,46,12,16.666666666666664,4.3478260869565215
480170060777,9,18,126,9,100.0,14.285714285714285
480170060779,7,8,1169,154,4.545454545454546,0.6843455945252352
480170060781,19,29,3249,1216,1.5625,0.8925823330255463
480170060782,20,34,1000,180,11.11111111111111,3.4000000000000004
480170060783,3,5,609,174,1.7241379310344827,0.8210180623973727
480170060784,1,1,145,15,6.666666666666667,0.6896551724137931
480170060785,7,8,364,140,5.0,2.197802197802198
480170060787,15,28,1605,240,6.25,1.7445482866043613
480170060789,8,12,264,64,12.5,4.545454545454546
480170060790,4,9,28,4,100.0,32.142857142857146
480170060791,15,20,210,30,50.0,9.523809523809524
480170060793,4,8,4,4,100.0,n/a
480170060795,5,6,200,30,16.666666666666664,3.0
480170060796,7,14,287,21,33.33333333333333,4.878048780487805
480170060798,24,38,1392,216,11.11111111111111,2.7298850574712645
480170060799,17,25,816,136,12.5,3.063725490196078
480170060800,13,17,442,78,16.666666666666664,3.8461538461538463
480170060801,1,2,166,46,2.1739130434782608,1.2048192771084338
480170060802,3,3,234,75,4.0,1.282051282051282
480170060803,8,23,512,88,9.090909090909092,4.4921875
480170060804,46,63,7130,1242,3.7037037037037033,0.8835904628330995
480170060807,1,0,81,17,5.88235294117647,0.0
480170060809,4,6,48,12,33.33333333333333,12.5
480170060810,12,12,612,120,10.0,1.9607843137254901
480170060812,20,32,1000,180,11.11111111111111,3.2
480170060815,29,46,3567,580,5.0,1.2895991028875806
480170060816,2,4,28,2,100.0,14.285714285714285
480170060817,12,15,1476,360,3.3333333333333335,1.0162601626016259
480170060818,79,119,17222,2528,3.125,0.6909766577633261
480170060819,4,7,1124,84,4.761904761904762,0.6227758007117438
480170060820,1,1,97,1,100.0,1.0309278350515463
480170060821,1,1,7,2,50.0,14.285714285714285
480170060822,12,17,156,48,25.0,10.897435897435898
480170060823,2,3,14,4,50.0,21.428571428571427
480170060824,2,3,50,6,33.33333333333333,6.0
480170060825,15,23,1560,270,5.555555555555555,1.4743589743589742
480170060826,2,2,244,30,6.666666666666667,0.819672131147541
480170060827,1,1,0,0,n/a,n/a
480170060828,3,5,432,135,2.2222222222222223,1.1574074074074074
480170060829,11,25,88,22,50.0,28.40909090909091
480170060830,1,1,404,49,2.0408163265306123,0.24752475247524752
480170060831,1,1,82,4,25.0,1.2195121951219512
480170060833,7,15,91,21,33.33333333333333,16.483516483516482
480170060835,6,10,930,150,4.0,1.0752688172043012
480170060836,15,19,555,105,14.285714285714285,3.423423423423423
480170060837,2,5,30,6,33.33333333333333,16.666666666666664
480170060838,19,31,1330,38,50.0,2.330827067669173
480170060839,9,11,72,18,50.0,15.277777777777779
480170060840,4,6,56,16,25.0,10.714285714285714
480170060841,6,8,642,246,2.4390243902439024,1.2461059190031152
480170060842,33,59,3465,759,4.3478260869565215,1.7027417027417027
480170060843,6,6,876,102,5.88235294117647,0.684931506849315
480170060844,15,14,450,75,20.0,3.111111111111111
480170060845,1,1,70,24,4.166666666666666,1.4285714285714286
480170060846,19,25,1140,190,10.0,2.1929824561403506
480170060847,32,42,8544,1920,1.6666666666666667,0.49157303370786515
480170060848,1,1,5,1,100.0,20.0
480170060850,2,2,154,48,4.166666666666666,1.2987012987012987
480170060851,7,9,441,126,5.555555555555555,2.0408163265306123
480170060852,1,1,31,11,9.090909090909092,3.225806451612903
480170060855,9,10,414,45,20.0,2.4154589371980677
480170060858,1,2,0,0,n/a,n/a
480170060859,1,2,203,39,2.564102564102564,0.9852216748768473
480170060861,16,23,1808,384,4.166666666666666,1.2721238938053099
480170060862,1,1,32,5,20.0,3.125
480170060863,1,1,49,21,4.761904761904762,2.0408163265306123
480170060864,9,11,1485,450,2.0,0.7407407407407408
480170060865,22,33,8844,1430,1.5384615384615385,0.3731343283582089
480170060866,10,14,1280,140,7.142857142857142,1.09375
480170060867,18,29,936,216,8.333333333333332,3.0982905982905984
480170060870,3,4,324,21,14.285714285714285,1.2345679012345678
480170060873,4,7,844,164,2.4390243902439024,0.8293838862559242
480170060874,25,33,5800,1200,2.083333333333333,0.5689655172413793
480170060877,6,12,138,24,25.0,8.695652173913043
480170060878,1,2,14,1,100.0,14.285714285714285
480170060879,11,28,319,55,20.0,8.77742946708464
480170060881,5,10,25,10,50.0,40.0
480170060883,11,21,572,121,9.090909090909092,3.6713286713286712
480170060884,5,5,50,15,33.33333333333333,10.0
480170060886,15,22,1020,105,14.285714285714285,2.156862745098039
480170060887,5,7,195,30,16.666666666666664,3.5897435897435894
480170060888,18,32,1944,342,5.263157894736842,1.646090534979424
480170060890,1,2,14,1,100.0,14.285714285714285
480170060891,1,1,154,7,14.285714285714285,0.6493506493506493
480170060892,1,1,7,2,50.0,14.285714285714285
480170060895,22,36,0,0,n/a,n/a
480170060896,2,2,82,24,8.333333333333332,2.4390243902439024
480170060897,32,51,6848,1280,2.5,0.7447429906542056
480170060899,1,2,107,21,4.761904761904762,1.8691588785046727
480170060902,12,12,660,168,7.142857142857142,1.8181818181818181
480170060906,4,6,96,12,33.33333333333333,6.25
480170060907,5,5,2275,275,1.8181818181818181,0.21978021978021978
480170060908,3,4,324,60,5.0,1.2345679012345678
480170060910,4,4,364,44,9.090909090909092,1.098901098901099
480170060911,3,3,90,39,7.6923076923076925,3.3333333333333335
480170060912,1,1,3,1,100.0,33.33333333333333
480170060915,2,3,256,12,16.666666666666664,1.171875
480170060916,76,100,15428,3344,2.272727272727273,0.6481721545242416
480170060917,5,10,0,0,n/a,n/a
480170060918,25,35,1025,250,10.0,3.414634146341464
480170060919,37,57,3885,1036,3.571428571428571,1.4671814671814671
480170060920,2,3,112,34,5.88235294117647,2.6785714285714284
480170060921,2,4,70,20,10.0,5.714285714285714
480170060922,1,2,13,3,33.33333333333333,15.384615384615385
480170060924,12,16,2616,456,2.631578947368421,0.6116207951070336
480170060927,1,2,36,16,6.25,5.555555555555555
480170060928,5,7,725,265,1.8867924528301887,0.9655172413793104
480170060930,20,24,1860,480,4.166666666666666,1.2903225806451613
480170060931,7,8,1113,140,5.0,0.7187780772686434
480170060932,2,2,222,38,5.263157894736842,0.9009009009009009
480170060933,2,3,56,10,20.0,5.357142857142857
480170060934,48,51,5328,672,7.142857142857142,0.9572072072072071
480170060935,6,7,984,48,12.5,0.7113821138211381
480170060936,7,8,133,21,33.33333333333333,6.015037593984962
480170060937,13,13,1313,325,4.0,0.9900990099009901
480170060938,2,2,98,14,14.285714285714285,2.0408163265306123
480170060940,1,1,81,19,5.263157894736842,1.2345679012345678
480170060943,24,32,1008,264,9.090909090909092,3.1746031746031744
480170060944,2,2,76,16,12.5,2.631578947368421
480170060945,9,12,405,99,9.090909090909092,2.9629629629629632
480170060947,36,48,8784,1728,2.083333333333333,0.546448087431694
480170060948,12,22,528,84,14.285714285714285,4.166666666666666
480170060949,8,10,368,80,10.0,2.717391304347826
480170060950,4,4,8,4,100.0,50.0
480170060952,3,4,213,42,7.142857142857142,1.8779342723004695
480170060953,3,4,93,27,11.11111111111111,4.301075268817205
480170060954,1,3,35,18,5.555555555555555,8.571428571428571
480170060955,2,2,40,6,33.33333333333333,5.0
480170060957,8,8,488,88,9.090909090909092,1.639344262295082
480170060958,3,5,609,189,1.5873015873015872,0.8210180623973727
480170060960,3,7,66,9,33.33333333333333,10.606060606060606
480170060961,29,34,4930,1218,2.380952380952381,0.6896551724137931
480170060963,2,2,296,18,11.11111111111111,0.6756756756756757
480170060964,3,3,96,15,20.0,3.125
480170060966,30,42,2850,360,8.333333333333332,1.4736842105263157
480170060967,5,8,850,40,12.5,0.9411764705882352
480170060969,36,49,2592,468,7.6923076923076925,1.8904320987654322
480170060971,8,9,1592,360,2.2222222222222223,0.5653266331658292
480170060973,11,22,2068,231,4.761904761904762,1.0638297872340425
480170060974,3,4,495,159,1.8867924528301887,0.8080808080808081
480170060975,1,1,22,12,8.333333333333332,4.545454545454546
480170060976,1,0,0,0,n/a,n/a
480170060977,1,3,68,3,33.33333333333333,4.411764705882353
480170060979,2,2,370,16,12.5,0.5405405405405406
480170060983,2,3,316,26,7.6923076923076925,0.949367088607595
480170060984,39,52,1326,234,16.666666666666664,3.9215686274509802
480170060985,3,4,237,36,8.333333333333332,1.6877637130801686
480170060986,8,11,104,40,20.0,10.576923076923077
480170060988,4,6,548,76,5.263157894736842,1.094890510948905
480170060990,1,1,132,8,12.5,0.7575757575757576
480170060991,1,1,51,5,20.0,1.9607843137254901
480170060992,23,36,1564,253,9.090909090909092,2.3017902813299234
480170060994,2,3,602,64,3.125,0.4983388704318937
480170060995,90,165,12600,1440,6.25,1.3095238095238095
480170060996,3,7,210,36,8.333333333333332,3.3333333333333335
480170060998,1,1,4,1,100.0,25.0
480170060999,4,5,168,24,16.666666666666664,2.976190476190476
480170061000,1,1,150,30,3.3333333333333335,0.6666666666666667
480170061001,5,6,945,80,6.25,0.6349206349206349
480170061002,34,47,6018,1224,2.7777777777777777,0.7809903622465936
480170061003,2,3,126,22,9.090909090909092,2.380952380952381
480170061004,20,34,1760,260,7.6923076923076925,1.9318181818181817
480170061005,5,5,485,50,10.0,1.0309278350515463
480170061006,1,1,132,32,3.125,0.7575757575757576
480170061007,1,2,20,7,14.285714285714285,10.0
480170061009,2,2,80,10,20.0,2.5
480170061010,23,31,3128,575,4.0,0.9910485933503836
480170061011,100,140,15300,3100,3.225806451612903,0.9150326797385622
480170061013,1,1,69,8,12.5,1.4492753623188406
480170061014,4,5,532,64,6.25,0.9398496240601504
480170061017,42,59,6258,1638,2.564102564102564,0.9427932246724193
480170061018,2,2,176,30,6.666666666666667,1.1363636363636365
480170061019,1,1,255,17,5.88235294117647,0.39215686274509803
480170061021,1,1,84,6,16.666666666666664,1.1904761904761905
480170061023,5,5,295,75,6.666666666666667,1.694915254237288
480170061025,40,53,2560,680,5.88235294117647,2.0703125
480170061026,1,3,107,25,4.0,2.803738317757009
480170061035,4,3,660,124,3.225806451612903,0.45454545454545453
480170061036,1,1,67,3,33.33333333333333,1.4925373134328357
480170061037,2,2,570,32,6.25,0.3508771929824561
480170061039,1,1,224,27,3.7037037037037033,0.4464285714285714
480170061040,1,1,136,8,12.5,0.7352941176470588
480170061043,3,5,285,81,3.7037037037037033,1.7543859649122806
480170061044,19,26,1235,209,9.090909090909092,2.1052631578947367
480170061045,83,115,21580,3320,2.5,0.5329008341056535
480170061049,2,5,166,36,5.555555555555555,3.0120481927710845
480170061050,26,30,1690,260,10.0,1.7751479289940828
480170061051,2,2,284,18,11.11111111111111,0.7042253521126761
480170061053,8,19,648,96,8.333333333333332,2.9320987654320985
480170061055,12,15,792,180,6.666666666666667,1.893939393939394
480170061057,1,2,117,16,6.25,1.7094017094017095
480170061058,20,28,1440,180,11.11111111111111,1.9444444444444444
480170061061,1,1,19,6,16.666666666666664,5.263157894736842
480170061064,27,40,1782,486,5.555555555555555,2.244668911335578
480170061065,1,1,187,16,6.25,0.53475935828877
480170061066,28,44,2212,644,4.3478260869565215,1.9891500904159132
480170061068,4,4,824,80,5.0,0.48543689320388345
480170061069,29,46,3190,638,4.545454545454546,1.4420062695924765
480170061070,6,9,684,72,8.333333333333332,1.3157894736842104
480170061071,59,86,9735,1121,5.263157894736842,0.8834103749357987
480170061072,1,1,198,11,9.090909090909092,0.5050505050505051
480170061073,63,98,4473,504,12.5,2.190923317683881
480170061075,1,2,189,8,12.5,1.0582010582010581
480170061076,10,21,1540,130,7.6923076923076925,1.3636363636363635
480170061077,1,2,0,0,n/a,n/a
480170061078,2,4,228,22,9.090909090909092,1.7543859649122806
480170061079,8,12,176,48,16.666666666666664,6.8181818181818175
480170061081,1,1,22,6,16.666666666666664,4.545454545454546
480170061082,2,2,118,64,3.125,1.694915254237288
480170061086,2,5,0,0,n/a,n/a
480170061087,1,1,121,5,20.0,0.8264462809917356
480170061089,1,1,55,7,14.285714285714285,1.8181818181818181
480170061090,17,25,221,102,16.666666666666664,11.312217194570136
480170061091,10,15,1270,150,6.666666666666667,1.1811023622047243
480170061092,31,50,0,0,n/a,n/a
480170061094,55,89,6215,880,6.25,1.4320193081255028
480170061095,1,1,183,12,8.333333333333332,0.546448087431694
480170061099,1,1,12,3,33.33333333333333,8.333333333333332
480170061100,4,4,984,116,3.4482758620689653,0.40650406504065045
480170061104,3,3,273,39,7.6923076923076925,1.098901098901099
480170061106,1,1,138,5,20.0,0.7246376811594203
480170061109,1,1,42,10,10.0,2.380952380952381
480170061110,14,22,1652,266,5.263157894736842,1.331719128329298
480170061111,1,2,279,15,6.666666666666667,0.7168458781362007
480170061112,28,42,2912,896,3.125,1.4423076923076923
480170061114,2,3,418,52,3.8461538461538463,0.7177033492822966
480170061115,27,42,2538,351,7.6923076923076925,1.6548463356973995
480170061118,1,1,10,1,100.0,10.0
480170061119,2,3,294,52,3.8461538461538463,1.0204081632653061
480170061120,2,2,70,4,50.0,2.857142857142857
480170061121,18,22,2286,108,16.666666666666664,0.9623797025371827
480170061123,3,5,159,9,33.33333333333333,3.1446540880503147
480170061124,1,1,176,10,10.0,0.5681818181818182
480170061125,2,3,98,18,11.11111111111111,3.061224489795918
480170061127,3,3,486,60,5.0,0.6172839506172839
480170061132,25,33,2600,125,20.0,1.2692307692307692
480170061133,2,4,272,38,5.263157894736842,1.4705882352941175
480170061134,1,1,178,23,4.3478260869565215,0.5617977528089888
480170061135,21,28,1050,294,7.142857142857142,2.666666666666667
480170061137,4,2,740,28,14.285714285714285,0.2702702702702703
480170061141,21,37,798,147,14.285714285714285,4.636591478696742
480170061145,2,4,282,24,8.333333333333332,1.4184397163120568
480170061149,44,56,11264,2376,1.8518518518518516,0.4971590909090909
480170061150,1,1,176,16,6.25,0.5681818181818182
480170061153,7,12,1260,140,5.0,0.9523809523809524
480170061157,18,26,1890,540,3.3333333333333335,1.3756613756613756
480170061160,24,32,1872,336,7.142857142857142,1.7094017094017095
480170061161,1,1,179,6,16.666666666666664,0.5586592178770949
480170061165,14,17,1330,266,5.263157894736842,1.2781954887218046
480170061169,1,0,124,39,2.564102564102564,0.0
480170061170,18,28,1782,144,12.5,1.5712682379349048
480170061173,1,1,75,38,2.631578947368421,1.3333333333333335
480170061174,2,5,554,16,12.5,0.9025270758122743
480170061176,3,6,192,39,7.6923076923076925,3.125
480170061177,53,64,17649,1696,3.125,0.36262677772111734
480170061179,4,4,616,80,5.0,0.6493506493506493
480170061180,3,5,429,69,4.3478260869565215,1.1655011655011656
480170061183,1,1,68,6,16.666666666666664,1.4705882352941175
480170061186,22,36,2222,374,5.88235294117647,1.6201620162016201
480170061191,1,2,15,2,50.0,13.333333333333334
480170061194,40,54,2200,240,16.666666666666664,2.4545454545454546
480170061196,1,4,10,7,14.285714285714285,40.0
480170061201,16,24,1264,304,5.263157894736842,1.89873417721519
480170061203,1,4,51,2,50.0,7.8431372549019605
480170061206,3,6,291,36,8.333333333333332,2.0618556701030926
480170061208,5,6,1145,120,4.166666666666666,0.5240174672489083
480170061210,1,3,417,23,4.3478260869565215,0.7194244604316548
480170061213,2,2,122,36,5.555555555555555,1.639344262295082
480170061214,6,8,36,12,50.0,22.22222222222222
480170061217,4,5,624,76,5.263157894736842,0.8012820512820512
480170061221,42,71,6174,1596,2.631578947368421,1.1499838030450276
480170061222,10,15,630,180,5.555555555555555,2.380952380952381
480170061223,3,7,279,48,6.25,2.5089605734767026
480170061224,2,3,150,20,10.0,2.0
480170061226,83,106,25813,3403,2.4390243902439024,0.410645798628598
480170061232,21,24,1701,294,7.142857142857142,1.4109347442680775
480170061235,7,9,21,14,50.0,42.857142857142854
480170061237,1,1,86,7,14.285714285714285,1.1627906976744187
480170061238,2,3,310,68,2.941176470588235,0.967741935483871
480170061239,1,2,425,18,5.555555555555555,0.4705882352941176
480170061243,1,1,170,39,2.564102564102564,0.5882352941176471
480170061244,23,45,2760,598,3.8461538461538463,1.6304347826086956
480170061245,2,3,304,38,5.263157894736842,0.9868421052631579
480170061247,6,13,282,78,7.6923076923076925,4.609929078014184
480170061249,3,5,21,18,16.666666666666664,23.809523809523807
480170061251,3,3,528,66,4.545454545454546,0.5681818181818182
480170061252,13,25,1976,377,3.4482758620689653,1.2651821862348178
480170061257,16,25,80,64,25.0,31.25
480170061258,1,1,315,7,14.285714285714285,0.31746031746031744
480170061259,16,19,432,272,5.88235294117647,4.398148148148148
480170061261,16,28,112,48,33.33333333333333,25.0
480170061262,4,4,472,76,5.263157894736842,0.847457627118644
480170061263,27,30,3699,567,4.761904761904762,0.8110300081103
480170061266,1,1,352,32,3.125,0.2840909090909091
480170061268,12,17,0,0,n/a,n/a
480170061270,1,1,25,15,6.666666666666667,4.0
480170061271,7,9,63,14,50.0,14.285714285714285
480170061273,2,2,276,78,2.564102564102564,0.7246376811594203
480170061275,2,4,0,0,n/a,n/a
480170061276,30,46,5130,870,3.4482758620689653,0.8966861598440545
480170061277,1,1,62,6,16.666666666666664,1.6129032258064515
480170061278,1,1,55,13,7.6923076923076925,1.8181818181818181
480170061279,7,14,210,28,25.0,6.666666666666667
480170061280,13,14,442,78,16.666666666666664,3.167420814479638
480170061283,7,11,441,56,12.5,2.494331065759637
480170061285,4,7,12,8,50.0,58.333333333333336
480170061286,23,38,3703,529,4.3478260869565215,1.0261949770456387
480170061288,22,33,2530,286,7.6923076923076925,1.3043478260869565
480170061290,2,4,1104,26,7.6923076923076925,0.36231884057971014
480170061292,1,1,83,1,100.0,1.2048192771084338
480170061294,2,5,8,2,100.0,62.5
480170061295,1,1,182,5,20.0,0.5494505494505495
480170061296,9,14,477,90,10.0,2.9350104821802936
480170061297,2,4,528,22,9.090909090909092,0.7575757575757576
480170061299,6,9,162,24,25.0,5.555555555555555
480170061300,3,5,330,36,8.333333333333332,1.5151515151515151
480170061301,42,54,6888,966,4.3478260869565215,0.7839721254355401
480170061303,8,11,480,112,7.142857142857142,2.2916666666666665
480170061305,3,5,309,42,7.142857142857142,1.6181229773462782
480170061309,3,8,123,18,16.666666666666664,6.504065040650407
480170061312,1,2,264,11,9.090909090909092,0.7575757575757576
480170061314,1,3,49,5,20.0,6.122448979591836
480170061315,21,27,3318,651,3.225806451612903,0.81374321880651
480170061317,31,48,8308,1240,2.5,0.5777563793933558
480170061318,4,7,456,64,6.25,1.5350877192982455
480170061321,17,25,1921,357,4.761904761904762,1.3014055179593962
480170061325,13,23,546,91,14.285714285714285,4.212454212454213
480170061326,28,47,3388,504,5.555555555555555,1.3872491145218417
480170061328,3,4,150,30,10.0,2.666666666666667
480170061329,1,2,6,2,50.0,33.33333333333333
480170061331,1,1,243,12,8.333333333333332,0.411522633744856
480170061333,8,10,2384,72,11.11111111111111,0.41946308724832215
480170061335,8,10,560,152,5.263157894736842,1.7857142857142856
480170061336,16,23,5168,688,2.3255813953488373,0.445046439628483
480170061338,17,22,1071,136,12.5,2.0541549953314657
480170061339,3,3,180,18,16.666666666666664,1.6666666666666667
480170061340,4,4,1260,188,2.127659574468085,0.31746031746031744
480170061341,11,16,726,77,14.285714285714285,2.203856749311295
480170061343,8,14,968,16,50.0,1.4462809917355373
480170061344,1,1,6,4,25.0,16.666666666666664
480170061345,9,13,1377,108,8.333333333333332,0.944081336238199
480170061346,2,3,108,12,16.666666666666664,2.7777777777777777
480170061347,6,7,486,138,4.3478260869565215,1.440329218106996
480170061348,10,15,1010,220,4.545454545454546,1.4851485148514851
480170061349,11,16,979,143,7.6923076923076925,1.634320735444331
480170061350,12,15,2436,348,3.4482758620689653,0.6157635467980296
480170061352,5,7,305,20,25.0,2.2950819672131146
480170061353,5,8,325,80,6.25,2.4615384615384617
480170061354,1,1,391,12,8.333333333333332,0.2557544757033248
480170061355,1,1,0,0,n/a,n/a
480170061358,4,7,552,44,9.090909090909092,1.2681159420289856
480170061359,4,8,168,20,20.0,4.761904761904762
480170061360,1,2,131,15,6.666666666666667,1.5267175572519083
480170061361,6,6,12,6,100.0,50.0
480170061362,1,1,28,8,12.5,3.571428571428571
480170061363,1,1,22,9,11.11111111111111,4.545454545454546
480170061365,5,6,320,10,50.0,1.875
480170061366,19,22,1501,209,9.090909090909092,1.4656895403064623
480170061368,1,1,71,13,7.6923076923076925,1.4084507042253522
480170061369,5,6,280,55,9.090909090909092,2.142857142857143
480170061370,10,17,1530,270,3.7037037037037033,1.1111111111111112
480170061371,1,1,66,9,11.11111111111111,1.5151515151515151
480170061375,2,4,148,32,6.25,2.7027027027027026
480170061377,46,74,7636,1058,4.3478260869565215,0.9690937663698271
480170061378,3,4,375,72,4.166666666666666,1.0666666666666667
480170061379,6,6,330,174,3.4482758620689653,1.8181818181818181
480170061380,6,8,198,18,33.33333333333333,4.040404040404041
480170061381,1,3,88,13,7.6923076923076925,3.4090909090909087
480170061383,3,5,978,105,2.857142857142857,0.5112474437627812
480170061384,4,3,832,124,3.225806451612903,0.3605769230769231
480170061386,1,1,70,14,7.142857142857142,1.4285714285714286
480170061388,5,6,125,10,50.0,4.8
480170061390,14,18,1680,154,9.090909090909092,1.0714285714285714
480170061391,1,0,29,15,6.666666666666667,0.0
480170061393,11,21,627,77,14.285714285714285,3.349282296650718
480170061394,1,1,61,14,7.142857142857142,1.639344262295082
480170061395,14,20,0,0,n/a,n/a
480170061396,4,5,4,4,100.0,n/a
480170061397,2,3,0,0,n/a,n/a
480170061399,2,5,62,32,6.25,8.064516129032258
480170061400,34,45,4284,1088,3.125,1.050420168067227
480170061401,3,4,537,90,3.3333333333333335,0.74487895716946
480170061402,2,4,210,64,3.125,1.9047619047619049
480170061403,2,4,246,28,7.142857142857142,1.6260162601626018
480170061404,7,8,826,210,3.3333333333333335,0.9685230024213075
480170061406,1,1,37,14,7.142857142857142,2.7027027027027026
480170061408,8,10,632,80,10.0,1.5822784810126582
480170061410,4,5,0,0,n/a,n/a
480170061411,1,2,860,31,3.225806451612903,0.23255813953488372
480170061412,2,3,414,40,5.0,0.7246376811594203
480170061414,13,18,767,91,14.285714285714285,2.346805736636245
480170061415,5,5,680,90,5.555555555555555,0.7352941176470588
480170061416,2,3,78,66,3.0303030303030303,3.8461538461538463
480170061418,3,4,462,78,3.8461538461538463,0.8658008658008658
480170061419,3,5,375,69,4.3478260869565215,1.3333333333333335
480170061420,1,1,116,18,5.555555555555555,0.8620689655172413
480170061422,6,7,954,228,2.631578947368421,0.7337526205450734
480170061423,15,35,2520,225,6.666666666666667,1.3888888888888888
480170061424,16,21,5104,768,2.083333333333333,0.41144200626959243
480170061425,5,5,505,65,7.6923076923076925,0.9900990099009901
480170061426,2,3,108,18,11.11111111111111,2.7777777777777777
480170061427,2,4,324,34,5.88235294117647,1.2345679012345678
480170061429,5,7,460,200,2.5,1.5217391304347827
480170061431,3,6,18,18,16.666666666666664,33.33333333333333
480170061432,2,2,184,36,5.555555555555555,1.0869565217391304
480170061433,1,1,7,1,100.0,14.285714285714285
480170061434,3,4,297,45,6.666666666666667,1.3468013468013467
480170061435,8,10,1040,144,5.555555555555555,0.9615384615384616
480170061436,17,27,1428,272,6.25,1.8907563025210083
480170061437,1,1,57,17,5.88235294117647,1.7543859649122806
480170061439,6,7,564,84,7.142857142857142,1.2411347517730498
480170061440,7,10,1001,126,5.555555555555555,0.999000999000999
480170061442,4,5,340,52,7.6923076923076925,1.4705882352941175
480170061443,1,1,84,20,5.0,1.1904761904761905
480170061444,2,1,146,40,5.0,0.684931506849315
480170061445,9,10,1197,162,5.555555555555555,0.835421888053467
480170061446,1,2,135,30,3.3333333333333335,1.4814814814814816
480170061448,1,1,52,31,3.225806451612903,1.9230769230769231
480170061449,2,2,190,32,6.25,1.0526315789473684
480170061450,13,41,962,143,9.090909090909092,4.261954261954262
480170061451,4,4,376,28,14.285714285714285,1.0638297872340425
480170061452,5,5,205,50,10.0,2.4390243902439024
480170061453,2,3,324,116,1.7241379310344827,0.9259259259259258
480170061454,2,3,88,20,10.0,3.4090909090909087
480170061457,1,1,52,18,5.555555555555555,1.9230769230769231
480170061458,1,1,0,0,n/a,n/a
480170061459,9,19,27,27,33.33333333333333,70.37037037037037
480170061460,2,2,36,12,16.666666666666664,5.555555555555555
480170061461,1,1,69,16,6.25,1.4492753623188406
480170061463,5,10,560,200,2.5,1.7857142857142856
480170061464,3,4,21,9,33.33333333333333,19.047619047619047
480170061465,1,2,61,11,9.090909090909092,3.278688524590164
480170061466,2,4,92,26,7.6923076923076925,4.3478260869565215
480170061467,2,2,110,20,10.0,1.8181818181818181
480170061469,13,18,1885,247,5.263157894736842,0.9549071618037135
480170061470,2,3,62,16,12.5,4.838709677419355
480170061473,3,3,294,57,5.263157894736842,1.0204081632653061
480170061474,2,4,54,38,5.263157894736842,7.4074074074074066
480170061476,13,22,1352,208,6.25,1.6272189349112427
480170061477,2,2,250,78,2.564102564102564,0.8
480170061478,4,4,828,8,50.0,0.4830917874396135
480170061479,12,15,1356,156,7.6923076923076925,1.1061946902654867
480170061480,4,6,612,88,4.545454545454546,0.9803921568627451
480170061481,4,6,796,40,10.0,0.7537688442211055
480170061482,2,2,120,28,7.142857142857142,1.6666666666666667
480170061483,1,1,56,26,3.8461538461538463,1.7857142857142856
480170061485,4,3,212,48,8.333333333333332,1.4150943396226416
480170061487,4,5,392,28,14.285714285714285,1.2755102040816326
480170061488,4,5,408,112,3.571428571428571,1.2254901960784315
480170061489,4,6,0,0,n/a,n/a
480170061490,2,1,118,56,3.571428571428571,0.847457627118644
480170061491,6,8,612,240,2.5,1.3071895424836601
480170061492,7,8,147,35,20.0,5.442176870748299
480170061493,3,6,327,33,9.090909090909092,1.834862385321101
480170061496,4,6,172,32,12.5,3.488372093023256
480170061497,6,9,480,60,10.0,1.875
480170061498,3,5,582,36,8.333333333333332,0.859106529209622
480170061499,1,1,57,11,9.090909090909092,1.7543859649122806
480170061500,1,1,28,6,16.666666666666664,3.571428571428571
480170061501,3,3,456,63,4.761904761904762,0.6578947368421052
480170061502,4,4,216,40,10.0,1.8518518518518516
480170061503,3,6,381,30,10.0,1.574803149606299
480170061506,1,1,91,7,14.285714285714285,1.098901098901099
480170061507,3,4,399,75,4.0,1.0025062656641603
480170061508,8,10,1880,208,3.8461538461538463,0.5319148936170213
480170061510,5,5,790,85,5.88235294117647,0.6329113924050633
480170061511,2,2,226,26,7.6923076923076925,0.8849557522123894
480170061512,1,2,69,19,5.263157894736842,2.898550724637681
480170061514,5,3,550,70,7.142857142857142,0.5454545454545455
480170061516,1,2,116,5,20.0,1.7241379310344827
480170061517,1,1,196,21,4.761904761904762,0.5102040816326531
480170061519,1,2,93,6,16.666666666666664,2.1505376344086025
480170061520,3,4,174,42,7.142857142857142,2.2988505747126435
480170061521,10,19,2200,250,4.0,0.8636363636363636
480170061522,3,3,543,6,50.0,0.5524861878453038
480170061523,4,7,380,88,4.545454545454546,1.8421052631578945
480170061524,1,1,199,15,6.666666666666667,0.5025125628140703
480170061525,3,4,381,45,6.666666666666667,1.0498687664041995
480170061528,1,1,61,7,14.285714285714285,1.639344262295082
480170061529,4,4,716,124,3.225806451612903,0.5586592178770949
480170061531,18,21,1296,234,7.6923076923076925,1.6203703703703702
480170061535,3,8,717,36,8.333333333333332,1.1157601115760112
480170061536,7,9,1127,91,7.6923076923076925,0.7985803016858917
480170061537,4,6,520,64,6.25,1.153846153846154
480170061539,1,1,99,16,6.25,1.0101010101010102
480170061540,1,1,78,21,4.761904761904762,1.282051282051282
480170061541,5,7,790,155,3.225806451612903,0.8860759493670887
480170061542,1,1,24,5,20.0,4.166666666666666
480170061544,7,14,1218,196,3.571428571428571,1.1494252873563218
480170061545,1,2,19,7,14.285714285714285,10.526315789473683
480170061546,4,7,380,56,7.142857142857142,1.8421052631578945
480170061547,5,5,250,75,6.666666666666667,2.0
480170061548,4,6,0,0,n/a,n/a
480170061549,4,12,232,56,7.142857142857142,5.172413793103448
480170061551,5,6,655,135,3.7037037037037033,0.9160305343511451
480170061552,7,9,637,84,8.333333333333332,1.4128728414442702
480170061553,1,1,0,0,n/a,n/a
480170061554,3,4,222,24,12.5,1.8018018018018018
480170061556,5,5,825,145,3.4482758620689653,0.6060606060606061
480170061557,3,3,810,39,7.6923076923076925,0.3703703703703704
480170061559,3,3,36,9,33.33333333333333,8.333333333333332
480170061560,3,4,327,45,6.666666666666667,1.2232415902140672
480170061561,1,1,80,14,7.142857142857142,1.25
480170061562,1,1,66,15,6.666666666666667,1.5151515151515151
480170061563,7,8,56,7,100.0,14.285714285714285
480170061564,2,2,148,22,9.090909090909092,1.3513513513513513
480170061565,3,3,447,96,3.125,0.6711409395973155
480170061567,1,1,87,24,4.166666666666666,1.1494252873563218
480170061568,6,7,918,216,2.7777777777777777,0.7625272331154684
480170061569,1,1,143,11,9.090909090909092,0.6993006993006993
480170061570,3,4,192,24,12.5,2.083333333333333
480170061571,1,4,119,22,4.545454545454546,3.361344537815126
480170061572,3,3,204,48,6.25,1.4705882352941175
480170061573,4,5,468,64,6.25,1.0683760683760684
480170061574,4,4,200,40,10.0,2.0
480170061575,3,3,282,90,3.3333333333333335,1.0638297872340425
480170061576,1,1,33,8,12.5,3.0303030303030303
480170061578,2,7,88,34,5.88235294117647,7.954545454545454
480170061579,4,7,100,44,9.090909090909092,7.000000000000001
480170061580,2,2,438,18,11.11111111111111,0.45662100456621
480170061581,3,2,747,36,8.333333333333332,0.2677376171352075
480170061582,7,12,854,182,3.8461538461538463,1.405152224824356
480170061583,1,1,73,15,6.666666666666667,1.36986301369863
480170061585,11,11,1188,253,4.3478260869565215,0.9259259259259258
480170061587,2,2,242,46,4.3478260869565215,0.8264462809917356
480170061589,3,4,372,51,5.88235294117647,1.0752688172043012
480170061590,1,1,40,10,10.0,2.5
480170061593,5,7,770,35,14.285714285714285,0.9090909090909091
480170061594,4,4,452,64,6.25,0.8849557522123894
480170061596,6,7,1488,120,5.0,0.47043010752688175
480170061597,2,2,2,2,100.0,100.0
480170061598,12,17,960,312,3.8461538461538463,1.7708333333333333
480170061599,1,3,94,19,5.263157894736842,3.1914893617021276
480170061600,3,6,366,72,4.166666666666666,1.639344262295082
480170061601,5,13,730,65,7.6923076923076925,1.7808219178082192
480170061602,1,1,35,14,7.142857142857142,2.857142857142857
480170061604,2,3,198,34,5.88235294117647,1.5151515151515151
480170061605,1,1,29,2,50.0,3.4482758620689653
480170061606,12,18,3996,876,1.36986301369863,0.45045045045045046
480170061607,2,13,6,4,50.0,n/a
480170061608,2,2,302,30,6.666666666666667,0.6622516556291391
480170061609,2,2,310,40,5.0,0.6451612903225806
480170061612,2,2,292,8,25.0,0.684931506849315
480170061613,11,14,231,66,16.666666666666664,6.0606060606060606
480170061616,13,22,3874,546,2.380952380952381,0.5678884873515746
480170061619,2,2,188,48,4.166666666666666,1.0638297872340425
480170061620,3,3,975,57,5.263157894736842,0.3076923076923077
480170061622,1,2,38,12,8.333333333333332,5.263157894736842
480170061623,4,7,828,40,10.0,0.8454106280193237
480170061624,5,4,105,20,25.0,3.8095238095238098
480170061626,1,2,62,33,3.0303030303030303,3.225806451612903
480170061629,10,15,5870,320,3.125,0.2555366269165247
480170061630,2,2,62,16,12.5,3.225806451612903
480170061632,8,15,2472,248,3.225806451612903,0.6067961165048543
480170061634,5,4,1105,50,10.0,0.36199095022624433
480170061637,1,1,53,7,14.285714285714285,1.8867924528301887
480170061638,1,1,97,8,12.5,1.0309278350515463
480170061639,2,2,114,18,11.11111111111111,1.7543859649122806
480170061640,2,2,236,46,4.3478260869565215,0.847457627118644
480170061641,6,10,2898,180,3.3333333333333335,0.3450655624568668
480170061643,1,1,35,3,33.33333333333333,2.857142857142857
480170061645,5,5,4310,205,2.4390243902439024,0.11600928074245939
480170061646,7,9,1456,294,2.380952380952381,0.6181318681318682
480170061647,3,4,981,72,4.166666666666666,0.40774719673802245
480170061649,6,7,1374,66,9.090909090909092,0.5094614264919942
480170061650,1,1,94,23,4.3478260869565215,1.0638297872340425
480170061652,1,1,83,1,100.0,1.2048192771084338
480170061653,1,2,111,39,2.564102564102564,1.8018018018018018
480170061654,1,2,0,0,n/a,n/a
480170061655,2,4,236,38,5.263157894736842,1.694915254237288
480170061656,1,5,65,8,12.5,7.6923076923076925
480170061659,8,10,1256,128,6.25,0.7961783439490446
480170061660,1,1,14,1,100.0,7.142857142857142
480170061661,11,12,3058,594,1.8518518518518516,0.3924133420536298
480170061663,5,7,1845,25,20.0,0.3794037940379404
480170061664,4,7,428,144,2.7777777777777777,1.6355140186915886
480170061665,2,1,118,22,9.090909090909092,0.847457627118644
480170061667,6,11,1632,132,4.545454545454546,0.6740196078431373
480170061668,3,5,597,87,3.4482758620689653,0.8375209380234505
480170061669,17,25,6120,1275,1.3333333333333335,0.40849673202614384
480170061670,5,6,1095,80,6.25,0.547945205479452
480170061672,8,8,3896,376,2.127659574468085,0.20533880903490762
480170061673,4,3,200,36,11.11111111111111,1.5
480170061674,3,3,225,45,6.666666666666667,1.3333333333333335
480170061675,1,2,146,24,4.166666666666666,1.36986301369863
480170061677,2,3,206,44,4.545454545454546,1.4563106796116505
480170061681,3,3,273,42,7.142857142857142,1.098901098901099
480170061683,1,1,238,14,7.142857142857142,0.42016806722689076
480170061684,9,14,3168,261,3.4482758620689653,0.4419191919191919
480170061685,1,0,92,4,25.0,0.0
480170061686,3,5,54,39,7.6923076923076925,9.25925925925926
480170061688,4,6,788,60,6.666666666666667,0.7614213197969544
480170061689,2,2,110,18,11.11111111111111,1.8181818181818181
480170061691,4,4,1152,264,1.5151515151515151,0.3472222222222222
480170061692,3,4,597,27,11.11111111111111,0.6700167504187605
480170061693,9,9,4032,90,10.0,0.2232142857142857
480170061694,3,6,168,72,4.166666666666666,3.571428571428571
480170061695,3,11,324,51,5.88235294117647,3.3950617283950617
480170061696,1,1,143,20,5.0,0.6993006993006993
480170061697,1,1,21,4,25.0,4.761904761904762
480170061698,1,1,137,26,3.8461538461538463,0.7299270072992701
480170061699,6,9,666,180,3.3333333333333335,1.3513513513513513
480170061700,4,5,408,124,3.225806451612903,1.2254901960784315
480170061701,3,7,351,57,5.263157894736842,1.9943019943019942
480170061704,2,2,244,18,11.11111111111111,0.819672131147541
480170061710,2,3,176,52,3.8461538461538463,1.7045454545454544
480170061712,1,3,161,43,2.3255813953488373,1.8633540372670807
480170061713,2,3,152,18,11.11111111111111,1.9736842105263157
480170061714,5,5,1070,85,5.88235294117647,0.46728971962616817
480170061715,1,1,62,2,50.0,1.6129032258064515
480170061716,3,4,0,0,n/a,n/a
480170061721,1,1,39,8,12.5,2.564102564102564
480170061722,6,6,1212,150,4.0,0.49504950495049505
480170061724,1,1,14,1,100.0,7.142857142857142
480170061732,5,8,605,75,6.666666666666667,1.322314049586777
480170061734,1,0,64,3,33.33333333333333,0.0
480170061736,4,5,976,84,4.761904761904762,0.5122950819672131
480170061737,4,6,564,68,5.88235294117647,1.0638297872340425
480170061738,7,10,1176,224,3.125,0.8503401360544218
480170061739,5,7,850,65,7.6923076923076925,0.823529411764706
480170061742,8,8,2128,336,2.380952380952381,0.37593984962406013
480170061744,1,1,83,38,2.631578947368421,1.2048192771084338
480170061745,1,2,45,26,3.8461538461538463,4.444444444444445
480170061747,1,3,38,1,100.0,7.894736842105263
480170061750,6,6,1092,90,6.666666666666667,0.5494505494505495
480170061752,3,3,9,6,50.0,33.33333333333333
480170061754,1,1,9,1,100.0,11.11111111111111
480170061755,5,8,1530,150,3.3333333333333335,0.522875816993464
480170061759,1,1,124,18,5.555555555555555,0.8064516129032258
480170061760,1,2,13,7,14.285714285714285,15.384615384615385
480170061764,1,1,123,52,1.9230769230769231,0.8130081300813009
480170061768,2,2,136,88,2.272727272727273,1.4705882352941175
480170061769,2,4,8,2,100.0,50.0
480170061770,1,2,101,26,3.8461538461538463,1.9801980198019802
480170061771,2,2,572,34,5.88235294117647,0.34965034965034963
480170061772,1,1,49,2,50.0,2.0408163265306123
480170061779,1,2,154,10,10.0,1.2987012987012987
480170061781,1,1,238,23,4.3478260869565215,0.42016806722689076
480170061782,1,1,143,9,11.11111111111111,0.6993006993006993
480170061783,1,1,170,3,33.33333333333333,0.5882352941176471
480170061786,1,1,206,12,8.333333333333332,0.48543689320388345
480170061787,1,1,78,15,6.666666666666667,1.282051282051282
480170061792,5,6,1600,85,5.88235294117647,0.375
480170061793,2,3,126,40,5.0,2.380952380952381
480170061794,8,8,720,64,12.5,1.1111111111111112
480170061796,1,2,1,1,100.0,n/a
480170061798,2,3,260,14,14.285714285714285,1.153846153846154
480170061799,1,2,25,2,50.0,8.0
480170061804,3,5,330,30,10.0,1.5151515151515151
480170061805,3,3,768,33,9.090909090909092,0.390625
480170061808,5,4,805,80,6.25,0.4968944099378882
480170061813,1,2,229,35,2.857142857142857,0.8733624454148471
480170061814,2,3,190,22,9.090909090909092,1.5789473684210527
480170061816,1,2,72,2,50.0,2.7777777777777777
480170061817,6,7,2706,174,3.4482758620689653,0.2586844050258684
480170061819,1,1,16,2,50.0,6.25
480170061820,3,5,465,33,9.090909090909092,1.0752688172043012
480170061822,2,2,144,54,3.7037037037037033,1.3888888888888888
480170061824,2,4,72,2,100.0,5.555555555555555
480170061826,3,5,510,231,1.2987012987012987,0.9803921568627451
480170061827,6,9,360,48,12.5,2.5
480170061831,2,3,130,46,4.3478260869565215,2.307692307692308
480170061832,6,9,312,96,6.25,2.8846153846153846
480170061834,8,10,5600,408,1.9607843137254901,0.17857142857142858
480170061838,1,1,92,32,3.125,1.0869565217391304
480170061840,4,5,468,136,2.941176470588235,1.0683760683760684
480170061844,3,3,450,87,3.4482758620689653,0.6666666666666667
480170061848,3,5,57,21,14.285714285714285,8.771929824561402
480170061850,4,7,1060,80,5.0,0.6603773584905661
480170061853,1,2,147,14,7.142857142857142,1.3605442176870748
480170061856,1,1,236,33,3.0303030303030303,0.423728813559322
480170061858,2,2,314,140,1.4285714285714286,0.6369426751592357
480170061862,2,5,644,22,9.090909090909092,0.7763975155279503
480170061863,1,1,80,3,33.33333333333333,1.25
480170061866,1,1,85,17,5.88235294117647,1.1764705882352942
480170061867,2,2,152,100,2.0,1.3157894736842104
480170061869,2,3,124,4,50.0,2.4193548387096775
480170061870,3,3,309,30,10.0,0.9708737864077669
480170061873,3,4,1002,96,3.125,0.39920159680638717
480170061877,3,5,231,102,2.941176470588235,2.1645021645021645
480170061878,2,5,402,224,0.8928571428571428,1.2437810945273633
480170061879,1,1,64,30,3.3333333333333335,1.5625
480170061880,19,25,9994,1197,1.5873015873015872,0.2501500900540324
480170061881,2,6,120,24,8.333333333333332,5.0
480170061884,2,3,752,32,6.25,0.39893617021276595
480170061885,2,2,208,36,5.555555555555555,0.9615384615384616
480170061886,13,18,3627,1222,1.0638297872340425,0.49627791563275436
480170061888,1,1,3,2,50.0,33.33333333333333
480170061890,2,2,196,74,2.7027027027027026,1.0204081632653061
480170061894,3,3,1074,78,3.8461538461538463,0.27932960893854747
480170061895,2,2,136,72,2.7777777777777777,1.4705882352941175
480170061896,1,2,56,3,33.33333333333333,3.571428571428571
480170061897,1,4,265,107,0.9345794392523363,1.509433962264151
480170061898,2,4,78,6,33.33333333333333,5.128205128205128
480170061900,6,8,3834,150,4.0,0.20865936358894105
480170061901,4,4,500,56,7.142857142857142,0.8
480170061902,1,1,151,3,33.33333333333333,0.6622516556291391
480170061904,1,1,58,1,100.0,1.7241379310344827
480170061905,1,1,130,3,33.33333333333333,0.7692307692307693
480170061906,8,15,2176,872,0.9174311926605505,0.6893382352941176
480170061910,1,1,84,5,20.0,1.1904761904761905
480170061911,5,6,930,400,1.25,0.6451612903225806
480170061912,7,8,581,154,4.545454545454546,1.376936316695353
480170061914,5,7,2125,30,16.666666666666664,0.32941176470588235
480170061915,3,6,447,105,2.857142857142857,1.342281879194631
480170061921,2,4,256,4,50.0,1.5625
480170061922,5,4,1045,110,4.545454545454546,0.3827751196172249
480170061924,7,7,1477,252,2.7777777777777777,0.47393364928909953
480170061925,1,2,68,31,3.225806451612903,2.941176470588235
480170061928,3,3,378,42,7.142857142857142,0.7936507936507936
480170061931,3,4,1386,39,7.6923076923076925,0.2886002886002886
480170061932,7,9,994,168,4.166666666666666,0.9054325955734407
480170061933,3,4,645,27,11.11111111111111,0.6201550387596899
480170061936,4,4,416,140,2.857142857142857,0.9615384615384616
480170061937,10,13,5740,520,1.9230769230769231,0.22648083623693382
480170061938,2,2,280,20,10.0,0.7142857142857143
480170061944,1,1,57,11,9.090909090909092,1.7543859649122806
480170061945,3,3,771,138,2.1739130434782608,0.38910505836575876
480170061950,1,2,78,2,50.0,2.564102564102564
480170061952,1,1,127,24,4.166666666666666,0.7874015748031495
480170061954,2,2,172,42,4.761904761904762,1.1627906976744187
480170061955,2,2,350,28,7.142857142857142,0.5714285714285714
480170061956,1,1,319,10,10.0,0.3134796238244514
480170061957,1,2,84,4,25.0,2.380952380952381
480170061958,13,17,2912,1027,1.2658227848101267,0.5837912087912088
480170061959,1,1,197,29,3.4482758620689653,0.5076142131979695
480170061961,2,2,166,6,33.33333333333333,1.2048192771084338
480170061963,2,5,760,80,2.5,0.6578947368421052
480170061965,7,9,749,392,1.7857142857142856,1.2016021361815754
480170061966,1,2,42,16,6.25,4.761904761904762
480170061967,1,1,218,24,4.166666666666666,0.45871559633027525
480170061968,2,5,228,64,3.125,2.1929824561403506
480170061969,1,1,86,14,7.142857142857142,1.1627906976744187
480170061974,1,1,9,1,100.0,11.11111111111111
480170061978,4,5,16,4,100.0,31.25
480170061979,10,12,1640,510,1.9607843137254901,0.7317073170731708
480170061983,1,2,148,8,12.5,1.3513513513513513
480170061984,1,1,60,2,50.0,1.6666666666666667
480170061985,2,3,82,38,5.263157894736842,3.6585365853658534
480170061986,4,5,640,60,6.666666666666667,0.78125
480170061987,2,2,366,42,4.761904761904762,0.546448087431694
480170061988,10,8,270,40,25.0,2.9629629629629632
480170061989,1,2,24,4,25.0,8.333333333333332
480170061990,1,0,102,17,5.88235294117647,0.0
480170061991,3,5,597,81,3.7037037037037033,0.8375209380234505
480170061992,2,2,162,14,14.285714285714285,1.2345679012345678
480170061994,8,10,2288,632,1.2658227848101267,0.4370629370629371
480170061996,4,6,664,280,1.4285714285714286,0.9036144578313252
480170062004,2,2,364,4,50.0,0.5494505494505495
480170062006,1,1,210,15,6.666666666666667,0.4761904761904762
480170062007,1,3,74,9,11.11111111111111,4.054054054054054
480170062008,6,8,504,180,3.3333333333333335,1.5873015873015872
480170062012,3,3,6,6,50.0,50.0
480170062014,1,2,139,14,7.142857142857142,1.4388489208633095
480170062016,1,2,183,11,9.090909090909092,1.092896174863388
480170062017,1,1,79,2,50.0,1.2658227848101267
480170062018,1,2,1,1,100.0,n/a
480170062019,1,2,42,10,10.0,4.761904761904762
480170062020,5,4,2045,220,2.272727272727273,0.19559902200488996
480170062021,1,2,26,9,11.11111111111111,7.6923076923076925
480170062024,1,1,25,7,14.285714285714285,4.0
480170062025,3,3,375,15,20.0,0.8
480170062026,2,3,428,26,7.6923076923076925,0.7009345794392523
480170062027,1,1,53,3,33.33333333333333,1.8867924528301887
480170062032,3,3,1275,105,2.857142857142857,0.2352941176470588
480170062035,12,14,8580,768,1.5625,0.16317016317016317
480170062036,3,4,75,3,100.0,5.333333333333334
480170062040,2,2,764,24,8.333333333333332,0.2617801047120419
480170062041,3,5,603,135,2.2222222222222223,0.8291873963515755
480170062048,1,1,198,19,5.263157894736842,0.5050505050505051
480170062049,2,2,1074,48,4.166666666666666,0.186219739292365
480170062050,6,8,966,156,3.8461538461538463,0.8281573498964804
480170062052,1,1,34,16,6.25,2.941176470588235
480170062054,2,1,124,36,5.555555555555555,0.8064516129032258
480170062055,3,5,456,60,5.0,1.0964912280701753
480170062057,1,1,270,18,5.555555555555555,0.3703703703703704
480170062058,1,1,85,14,7.142857142857142,1.1764705882352942
480170062059,1,1,13,1,100.0,7.6923076923076925
480170062062,3,4,87,63,4.761904761904762,4.597701149425287
480170062066,2,2,264,74,2.7027027027027026,0.7575757575757576
480170062069,1,2,52,17,5.88235294117647,3.8461538461538463
480170062072,1,2,28,10,10.0,7.142857142857142
480170062079,3,3,921,126,2.380952380952381,0.32573289902280134
480170062081,1,1,174,32,3.125,0.5747126436781609
480170062085,1,2,66,9,11.11111111111111,3.0303030303030303
480170062087,1,2,18,10,10.0,11.11111111111111
480170062089,1,1,72,13,7.6923076923076925,1.3888888888888888
480170062090,4,19,208,140,2.857142857142857,9.134615384615383
480170062091,1,1,77,42,2.380952380952381,1.2987012987012987
480170062093,3,8,18,9,33.33333333333333,44.44444444444444
480170062094,4,7,236,68,5.88235294117647,2.9661016949152543
480170062096,1,8,32,4,25.0,25.0
480170062097,10,15,5150,900,1.1111111111111112,0.2912621359223301
480170062098,1,1,78,34,2.941176470588235,1.282051282051282
480170062099,1,1,85,8,12.5,1.1764705882352942
480170062103,1,1,114,55,1.8181818181818181,0.8771929824561403
480170062105,2,3,80,24,8.333333333333332,3.75
480170062106,1,2,243,88,1.1363636363636365,0.823045267489712
480170062108,1,1,28,13,7.6923076923076925,3.571428571428571
480170062109,1,2,3,2,50.0,66.66666666666666
480170062110,1,1,40,10,10.0,2.5
480170062111,1,2,18,11,9.090909090909092,11.11111111111111
480170062119,1,2,48,17,5.88235294117647,4.166666666666666
480170062120,3,10,24,18,16.666666666666664,41.66666666666667
480170062121,2,4,152,52,3.8461538461538463,2.631578947368421
480170062122,2,3,124,52,3.8461538461538463,2.4193548387096775
480170062124,1,0,57,16,6.25,0.0
480170062125,2,6,406,170,1.1764705882352942,1.477832512315271
480170062126,5,11,1080,395,1.2658227848101267,1.0185185185185186
480170062127,12,14,6672,1440,0.8333333333333334,0.20983213429256595
480170062131,3,6,114,54,5.555555555555555,5.263157894736842
480170062133,1,0,26,6,16.666666666666664,0.0
480170062135,1,2,129,38,2.631578947368421,1.550387596899225
480170062137,1,1,12,6,16.666666666666664,8.333333333333332
480170062140,2,6,352,96,2.083333333333333,1.7045454545454544
480170062142,1,4,1,1,100.0,n/a
480170062143,1,3,9,5,20.0,33.33333333333333
480170062147,2,2,54,8,25.0,3.7037037037037033
480170062149,1,4,7,4,25.0,57.14285714285714
480170062150,3,3,123,51,5.88235294117647,2.4390243902439024
480170062154,6,10,654,288,2.083333333333333,1.529051987767584
480170062155,2,2,922,244,0.819672131147541,0.21691973969631237
480170062157,1,1,109,36,2.7777777777777777,0.9174311926605505
480170062158,1,1,47,20,5.0,2.127659574468085
480170062159,3,4,171,60,5.0,2.3391812865497075
480170062160,1,1,59,20,5.0,1.694915254237288
480170062161,2,4,48,18,11.11111111111111,8.333333333333332
480170062162,1,2,17,7,14.285714285714285,11.76470588235294
480170062163,1,2,15,5,20.0,13.333333333333334
480170062164,3,4,234,78,3.8461538461538463,1.7094017094017095
480170062167,2,3,572,18,11.11111111111111,0.5244755244755245
480170062169,2,3,48,22,9.090909090909092,6.25
480170062177,63,116,10773,1260,5.0,1.0767659890466907
480170062181,1,1,87,29,3.4482758620689653,1.1494252873563218
480170062186,1,3,1,1,100.0,n/a
